artists,duration_ms,explicit,id,name,release_date,search_query
"2 Chainz, Travis Scott",255560.0,True,1nX9KhK3Fff27SnrIor2Yb,4 AM,2017-06-16,2 chainz 4 am
"2 Chainz, Ty Dolla $ign, Trey Songz, Jhene Aiko",210200.0,True,6H0AwSQ20mo62jGlPGB8S6,It's A Vibe,2017-06-16,2 chainz it's a vibe
"2 Chainz, YG, Offset",234666.0,True,365wwIjijQdlRJEjUWTidq,PROUD,2018-02-08,2 chainz proud
"2 Chainz, Drake, Quavo",225893.0,True,5S1IUPueD0xE0vj4zU3nSf,Bigger Than You (feat. Drake & Quavo),2018-06-15,"2 chainz, drake bigger > you"
21 Savage,220306.0,True,2fQrGHiQOvpL9UgPvtYy6G,Bank Account,2017-09-23,21 savage bank account
21 Savage,234280.0,True,6g0TAJ1grweRwBMLQyiZFb,Famous,2017-09-23,21 savage famous
"21 Savage, Metro Boomin",235040.0,True,4gmmRb6bZJffOOiww1JGTO,No Heart,2016-07-15,21 savage no heart
"21 Savage, Metro Boomin, Future",258880.0,True,6fwdbPMwP1zVStm8FybmkO,X (feat. Future),2016-07-15,21 savage x
"21 Savage, Offset, Metro Boomin, Travis Scott",268933.0,True,5u6vkDnOyaf8LsteDAj2ub,Ghostface Killers,2017-10-30,"21 savage, offset ghostface killers"
"21 Savage, Offset, Metro Boomin",202666.0,True,6HR1z11h0ROUlWP4Kx8Z7G,Mad Stalkers,2017-10-30,"21 savage, offset mad stalkers"
"21 Savage, Offset, Metro Boomin, Quavo",257600.0,True,0tdCy39PgWN8LFWu34ORn3,Rap Saved Me,2017-10-30,"21 savage, offset rap saved me"
5 Seconds of Summer,173081.0,True,2vHfabj6nFebekTYODqntl,Want You Back,2018-06-15,5 seconds of summer want you back
5 Seconds of Summer,203417.0,False,2iUXsYOEPhVqEBwsqP70rE,Youngblood,2018-06-15,5 seconds of summer youngblood
6LACK,246773.0,True,4AtZRwSR8BOTTQg5ihSggt,PRBLMS,2016-11-18,6lack prblms
6ix9ine,112666.0,True,5KhFaq45chTw8RGfWo8T8J,BILLY,2018-04-10,6ix9ine billy
6ix9ine,166851.0,True,27oFpFktCq9JIXjJQRuv7a,GOTTI,2018-04-10,6ix9ine gotti
6ix9ine,157643.0,True,4HbiCvH1R7mVOJ7KY7JQBD,GUMMO,2018-04-10,6ix9ine gummo
6ix9ine,142582.0,True,0tYHqwTW4s6VuPWDSD7n7K,KOODA,2018-04-10,6ix9ine kooda
"6ix9ine, Tory Lanez, Young Thug",138473.0,True,3p6JF5nt0bZOSgZRONNZp0,RONDO,2018-04-10,6ix9ine rondo
"6ix9ine, DJ SpinKing",154565.0,True,6wJrqTE6c4NtfDqAcSRcBf,TATI (feat. DJ SpinKing),2018-11-27,6ix9ine tati
"6ix9ine, Fetty Wap, A Boogie Wit da Hoodie",151914.0,True,14PlDNjNh3pXyHXzkhX8n5,KEKE,2018-04-10,"6ix9ine, fetty wap keke"
"A Boogie Wit da Hoodie, PnB Rock, YoungBoy Never Broke Again",258158.0,True,1AH60dMaEfNjzDoUIFwIQi,Beast Mode (feat. PnB Rock & YoungBoy Never Broke Again),2017-09-29,a boogie wit da hoodie beast mode
"A Boogie Wit da Hoodie, Kodak Black",209269.0,True,1f5cbQtDrykjarZVrShaDI,Drowning (feat. Kodak Black),2017-09-29,a boogie wit da hoodie drowning
A Boogie Wit da Hoodie,197666.0,True,2BJpuAoDeQ1QuPvnryfAWK,No Promises,2017-09-29,a boogie wit da hoodie no promises
A Boogie Wit da Hoodie,214853.0,True,3AMnOVxEHUgVrythGgqPhI,Say A',2017-09-29,a boogie wit da hoodie say a'
"A Boogie Wit da Hoodie, 21 Savage",174012.0,True,2vaMWMPMgsWX4fwJiKmdWm,Undefeated (feat. 21 Savage),2017-09-29,a boogie wit da hoodie undefeated
A$AP Ferg,173600.0,True,4dVpf9jZjcORqGTLUaeYj9,Plain Jane,2017-08-18,a$ap ferg plain jane
"A$AP Rocky, Moby",233061.0,True,1YmF9PvLhIISIANoMLIYGq,A$AP Forever,2018-04-05,a$ap rocky a$ap forever
"A$AP Rocky, Skepta",205040.0,True,7ycWLEP1GsNjVvcjawXz3z,Praise The Lord (Da Shine) (feat. Skepta),2018-05-25,a$ap rocky praise the lord (da shine)
AJR,202193.0,False,45iMRHmfLZu3yjdZ8P5e3t,Weak,2016-09-16,ajr weak
Addison Agen,210985.0,False,54p39OJ544KF6iFeCzbVjs,Tennessee Rain - The Voice Performance,2017-12-20,addison agen tennessee rain
Adele,240426.0,False,4vb4mFvYsr2h6enhjJsq9Y,Water Under the Bridge,2016-06-24,adele water under the bridge
Alessia Cara,227693.0,False,4WzhjxvLP95y7AMDy0Atwb,Out Of Love,2018-11-30,alessia cara growing pains
Alessia Cara,175506.0,False,1ehPJRt49h6N0LoryqKZXq,How Far I'll Go - Alessia Cara Version,2016-11-18,alessia cara how far i'll go
Alessia Cara,230226.0,False,0prNGof3XqfTvNDxHonvdK,Scars To Your Beautiful,2015-11-13,alessia cara scars to your beautiful
Alice Merton,235813.0,False,4CdfFYzaAJ0y0beKzmgJSn,No Roots,2017-08-04,alice merton no roots
Aminé,209640.0,True,5hTpBe8h35rJ67eAWHQsJx,Caroline,2017-07-28,amine caroline
Andy Grammer,198001.0,False,5NDUXbMwcnTQp66tI2zcdR,Fresh Eyes,2017-12-01,andy grammer fresh eyes
Andy Williams,151933.0,False,5hslUAKq9I9CG2bAulFkHN,It's the Most Wonderful Time of the Year,1963,andy williams it's the most wonderful time of the year
"Ariana Grande, John Legend",227933.0,False,5mRNFh0zp9qY1kDpecN9ot,Beauty and the Beast,2017-03-10,ariana grande beauty and the beast
"Ariana Grande, Future",194840.0,True,6yL2kTsdVwYnGwPkKGtMd5,Everyday,2016-05-20,ariana grande everyday
Ariana Grande,205920.0,False,2qT1uLXPVPzGgFOx4jtEuo,no tears left to cry,2018-08-17,ariana grande no tears left to cry
"Ariana Grande, Nicki Minaj",226160.0,True,1pKeFVVUOPjFsOABub0OaV,Side To Side,2016-05-20,ariana grande side to side
"Ariana Grande, Nicki Minaj",228373.0,True,0sdbFOyfgAhAhWq8DpzkaW,the light is coming (feat. Nicki Minaj),2018-08-17,ariana grande the light is coming
Auli'i Cravalho,163386.0,False,6mb6lVLNrcUgLnEN8QnDJd,How Far I'll Go,2016-11-18,auli'i cravalho how far i'll go
Avicii,247426.0,False,4h8VwCb1MTGoLKueQ1WgbD,Wake Me Up,2013-01-01,avicii wake me up!
Ayo & Teo,238586.0,False,0pSBuHjILhNEo55xK1zrRt,Rolex,2017-03-15,ayo rolex
BLACKPINK,209355.0,False,2aI2k39nfa3KFsa4JclQzw,DDU-DU DDU-DU,2018-06-15,blackpink ddu-du ddu-du
BTS,223122.0,False,5SE57ljOIUJ1ybL9U6CuBH,DNA,2017-09-18,bts dna
BTS,242333.0,False,3aW0ds4A4tSQDIp75FqWTo,FAKE LOVE,2018-05-18,bts fake love
"BTS, Steve Aoki",307675.0,False,75scDPqGs75FotglJSoOI2,MIC Drop (Steve Aoki Remix) [Full Length Edition],2018-08-24,bts mic drop
Backstreet Boys,215724.0,False,79Mjfhh393dZdAsTvUFDR6,Don't Go Breaking My Heart,2018-05-17,backstreet boys don't go breaking my heart
Bad Wolves,254805.0,False,1vNoA9F5ASnlBISFekDmg3,Zombie,2018-01-19,bad wolves zombie
Bazzi,131064.0,True,7uzmGiiJyRfuViKKK3lVmR,Mine,2018-04-12,bazzi mine
Bebe Rexha,191786.0,False,2jB9QaPJyVdz2Q0Va8rrnU,I Got You,2018-06-22,bebe rexha i got you
"Bebe Rexha, Florida Georgia Line",163870.0,False,7iDa6hUg2VgEL1o1HjmfBn,Meant to Be (feat. Florida Georgia Line),2017-08-11,bebe rexha meant to be
"Becky G, Bad Bunny",202453.0,False,7JNh1cfm0eXjqFVOzKLyau,Mayores,2017-07-14,becky g mayores
"Bhad Bhabie, Lil Yachty",151850.0,True,3hv6ndi7uFT9L9wrhQCsqY,Gucci Flip Flops (feat. Lil Yachty),2018-09-18,bhad bhabie gucci flip flops
Bhad Bhabie,104528.0,True,5JW8njiQorZ7m2VHYddTt6,Hi Bich,2017-09-21,bhad bhabie hi bich
Bhad Bhabie,140007.0,True,6SUxrwVN19Kmd9JfIbjJUj,These Heaux,2017-08-24,bhad bhabie these heaux
Big Sean,222360.0,True,0SGkqnVQo9KPytSri1H6cF,Bounce Back,2017-02-03,big sean bounce back
"Big Sean, Metro Boomin, Travis Scott",268946.0,True,3wAI7MIQtTgwcRmwchPZBc,Go Legend (& Metro Boomin),2017-12-08,big sean go legend
Big Sean,230960.0,True,4atJ40xfasjdM9ZF3p07BV,Halfway Off The Balcony,2017-02-03,big sean halfway off the balcony
Big Sean,213693.0,True,1jQsKN68yE94tMYml0wHMd,Jump Out The Window,2017-02-03,big sean jump out the window
"Big Sean, Jeremih",210506.0,True,0URaKGzNTtzKRtsJN1RkA9,Light,2017-02-03,big sean light
Big Sean,142906.0,True,0Fv5N0cHBsl4bzCbollCAS,Moves,2017-02-03,big sean moves
"Big Sean, Eminem",325840.0,True,1MksGqIztTT6M9R1ErKVs8,No Favors,2017-02-03,big sean no favors
Big Sean,271693.0,True,1u0MOgWF1bbylVxpJG2ZjB,Owe Me,2017-02-03,big sean owe me
"Big Sean, Metro Boomin, 21 Savage",227533.0,True,7DuvVy7JfFgXwWlVzyyPys,Pull Up N Wreck (& Metro Boomin),2017-12-08,big sean pull up n wreck
"Big Sean, Migos",287320.0,True,1r0faljjM2b876iNoaDUh5,Sacrifices,2017-02-03,big sean sacrifices
"Billie Eilish, Khalid",200185.0,False,0u2P5u6lvoDfwTYjAADbn4,lovely (with Khalid),2018-04-19,billie eilish lovely
Billy Currington,234306.0,False,3I7krC8kr0gFR7P6vInR1I,Do I Make You Wanna,2015-06-02,billy currington do i make you wanna
Blac Youngsta,160037.0,True,0FbSpY8RPxTRxi1Fpj9Dz9,Booty,2018-02-27,blac youngsta booty
blackbear,212027.0,True,3Q3myFA7q4Op95DOpHplaY,do re mi,2017-04-21,blackbear do re mi
Blake Shelton,189466.0,False,5sjIhQzNljMVrDklI91ezp,A Guy With a Girl,2016-05-20,blake shelton a guy with a girl
Blake Shelton,214800.0,False,0c4ICGb0jvszKj3KPR59JU,Every Time I Hear That Song,2016-05-20,blake shelton every time i hear that song
Blake Shelton,219600.0,False,5slddJ629YcePvqD6Uyk8r,I Lived It,2017-11-03,blake shelton i lived it
Blake Shelton,183640.0,False,609qKv3KPAbdtp0LQH2buA,I'll Name the Dogs,2017-11-03,blake shelton i'll name the dogs
"BlocBoy JB, Drake",181263.0,True,4qKcDkK6siZ7Jp1Jb4m0aL,Look Alive (feat. Drake),2018-02-09,blocboy jb look alive
Bobby Helms,131733.0,False,6xE98wKYt4vZk8j7cctjw8,Jingle Bell Rock,1998-01-01,bobby helms jingle bell rock
Brad Paisley,229338.0,False,1IO13V09b01gLSbmZJZ9dM,Today,2017-04-21,brad paisley today
Brantley Gilbert,187760.0,False,48tAdjG4ng2JfECa7OQujk,The Weekend,2017-01-27,brantley gilbert the weekend
Brenda Lee,126266.0,False,2EjXfH91m7f8HiJN1yQg97,Rockin' Around The Christmas Tree,1964-10-19,brenda lee rockin' around the christmas tree
Brett Eldredge,208720.0,False,5vuMtXS5kQ7F0o9V9rG1dG,The Long Way,2017-08-04,brett eldredge the long way
Brett Young,224853.0,False,10M2Ex445zw585Ducldzkw,In Case You Didn't Know,2017-02-10,brett young in case you didn't know
Brett Young,207186.0,False,3T6MAweakkNrMYs8jZIWtg,Like I Loved You,2017-02-10,brett young like i loved you
Brett Young,217120.0,False,2VIPU72L6tIR4w8J8ap6Kp,Mercy,2017-02-10,brett young mercy
Brothers Osborne,216800.0,False,08wJ1B9yu9sPeoRa5fbpr3,It Ain't My Fault,2016-01-15,brothers osborne it ain't my fault
Bruno Mars,206693.0,False,0KKkJNfGyhkQ5aFogxQAPU,That's What I Like,2016-11-17,bruno mars 24k magic
"Bruno Mars, Cardi B",217288.0,False,3Vo4wInECJQuz9BIBMOu8i,Finesse - Remix; feat. Cardi B,2017-12-20,bruno mars finesse
Bruno Mars,206693.0,False,0KKkJNfGyhkQ5aFogxQAPU,That's What I Like,2016-11-17,bruno mars that's what i like
Bruno Mars,261240.0,False,0kN8xEmgMW9mh7UmDYHlJP,Versace on the Floor,2016-11-17,bruno mars versace on the floor
Bryson Tiller,209040.0,True,0OVhQZkNe7lh0fQeH96EFW,Don't Get Too High,2017-05-26,bryson tiller don't get too high
Bryson Tiller,134746.0,True,4IdAIZRVkwuQQnHpi529cn,No Longer Friends,2017-05-26,bryson tiller no longer friends
Bryson Tiller,169266.0,True,5GG3knKdxKWrNboRijxeKF,Run Me Dry,2017-05-26,bryson tiller run me dry
Bryson Tiller,167853.0,True,2rUwQj4SWaP2anuGDtNpYR,Self-Made,2017-05-26,bryson tiller self-made
Bryson Tiller,194266.0,True,3Jrs7cC2OJNlNSy9VnDOMZ,Somethin Tells Me,2017-05-26,bryson tiller somethin tells me
Burl Ives,135533.0,False,65Q2mv3UlVi9eO70OpsmSe,A Holly Jolly Christmas - Single Version,1965-01-01,burl ives a holly jolly christmas
Calum Scott,260285.0,False,2BOqDYLOJBiMOXShCV1neZ,Dancing On My Own,2018-03-09,calum scott dancing on my own
"Calvin Harris, Kehlani, Lil Yachty",240093.0,True,0pJPdSVti6cTM1Q6xYGmcf,Faking It (feat. Kehlani & Lil Yachty),2017-06-30,calvin harris faking it
"Calvin Harris, Pharrell Williams, Katy Perry, Big Sean",223413.0,True,5bcTCxgc7xVfSaMV3RuVke,"Feels (feat. Pharrell Williams, Katy Perry & Big Sean)",2017-06-30,calvin harris feels
"Calvin Harris, Young Thug, Pharrell Williams, Ariana Grande",229160.0,True,60APt5N2NRaKWf5xzJdzyC,"Heatstroke (feat. Young Thug, Pharrell Williams & Ariana Grande)",2017-06-30,calvin harris heatstroke
"Calvin Harris, Dua Lipa",214846.0,False,7ef4DlsgrMEH11cDZd32M6,One Kiss (with Dua Lipa),2018-04-06,calvin harris one kiss
"Calvin Harris, Future, Khalid",272666.0,True,3FDrI0FLKzrYQiWxPhqV2W,Rollin,2017-05-12,calvin harris rollin
"Calvin Harris, Frank Ocean, Migos",230813.0,True,6gpcs5eMhJwax4mIfKDYQk,Slide (feat. Frank Ocean & Migos),2017-02-24,calvin harris slide
Camila Cabello,216391.0,False,1SJtlNRJDeYHioymcvsqev,Crying in the Club,2017-05-18,camila cabello crying in the club
"Camila Cabello, Young Thug",217306.0,False,1rfofaqEpACxVEHIZBJe6W,Havana (feat. Young Thug),2018-01-12,camila cabello havana
Camila Cabello,226973.0,False,4eWQlBRaTjPPUlzacqEeoQ,Never Be the Same,2018-01-12,camila cabello never be the same
"Camila Cabello, Quavo",228893.0,False,4xBjsLUSjcx2h7PcRikpQp,OMG,2017-08-03,camila cabello omg
"Cardi B, 21 Savage",224284.0,True,0dIoGTQXDh1wVnhIiSyYEa,Bartier Cardi (feat. 21 Savage),2018-04-06,cardi b bartier cardi
Cardi B,210787.0,True,2Yl4OmDby9iitgNWZPwxkd,Be Careful,2018-04-06,cardi b be careful
"Cardi B, Chance the Rapper",284855.0,True,00B7TZ0Xawar6NZ00JFomN,Best Life (feat. Chance The Rapper),2018-04-06,cardi b best life
Cardi B,181623.0,True,17Yq72h0p15OhCbZ5lJ5gd,Bickenhead,2018-04-06,cardi b bickenhead
2017 Dynamo Hitz,220395.0,False,3g2qgbWPl8TcgJIkstWpSV,Bodak Yellow (Money Moves),2017-09-13,cardi b bodak yellow (money moves)
"Cardi B, Migos",262308.0,True,2qcG0nZ6S3zZV0UrkY5nFo,Drip (feat. Migos),2018-04-06,cardi b drip
Cardi B,231453.0,True,7p2ewixAShLpjDZrnzZK7c,Get Up 10,2018-04-06,cardi b get up 10
"Cardi B, SZA",200205.0,True,1f5PNhkNgUpvDEeZfcIlO1,I Do (feat. SZA),2018-04-06,cardi b i do
Cardi B,229004.0,True,1vBeIXlzbAieGoDqInav5j,Money Bag,2018-04-06,cardi b money bag
"Cardi B, Kehlani",177139.0,True,5DfWF0jqMgZDCiu9zJENTA,Ring (feat. Kehlani),2018-04-06,cardi b ring
"Cardi B, YG",230952.0,True,0CfmNX2TXk7yoJqHJiixnp,She Bad,2018-04-06,cardi b she bad
Cardi B,188523.0,True,74cVJfmK18rhWnscIpGXjt,Thru Your Phone,2018-04-06,cardi b thru your phone
"Cardi B, Bad Bunny, J Balvin",253390.0,True,58q2HKrzhC3ozto2nDdN4z,I Like It,2018-04-06,"cardi b, bad bunny i like it"
Carly Pearce,197826.0,False,2EXCLMhZF0XqmdCsSMYwt3,If My Name Was Whiskey,2017-10-13,carly pearce every little thing
Carrie Underwood,246466.0,False,47gqRMoIkFm7Rac86xZVh7,Cry Pretty,2018-04-11,carrie underwood cry pretty
Carrie Underwood,204093.0,False,5qRRiqndqXaq2QBudIrkYU,Dirty Laundry,2015-10-23,carrie underwood dirty laundry
"Carrie Underwood, Ludacris",223998.0,False,0stPNUkU1LZnvxIcfrKnEZ,The Champion,2018-01-12,carrie underwood the champion
"Nio Garcia, Casper Magico, Bad Bunny, Darell, Ozuna, Nicky Jam",417920.0,True,3V8UKqhEK5zBkBb6d6ub8i,Te Boté - Remix,2018-04-13,"casper magico, nio garcia, darell, nicky jam, ozuna te bote"
Charlie Puth,208786.0,False,5cF0dROlMOK5uNZtivgu50,Attention,2018-05-11,charlie puth attention
"Charlie Puth, Kehlani",180493.0,False,1lsBTdE6MGsKeZCD6llNu7,Done for Me (feat. Kehlani),2018-05-11,charlie puth done for me
Charlie Puth,200853.0,False,6wmAHw1szh5RCKSRjiXhPe,How Long,2018-05-11,charlie puth how long
"Cheat Codes, Demi Lovato",222786.0,False,5lNuqFVMca4vPupY10cH0J,No Promises (feat. Demi Lovato),2017-03-31,cheat codes no promises
Childish Gambino,326933.0,True,0wXuerDYiBnERgIpbb3JBR,Redbone,2016-12-02,childish gambino redbone
Childish Gambino,225773.0,True,0b9oOr2ZgvyQu88wzixux9,This Is America,2018-05-06,childish gambino this is america
"China Anne McClain, Thomas Doherty, Dylan Playfair",190720.0,False,53xAT6jud1w0NqlBjSW4VB,What's My Name,2017-07-21,"china anne mcclain, thomas doherty what's my name"
Chloe Kohanski,181794.0,False,1pFkLWesh2zpoFTs2g4SFt,Total Eclipse Of The Heart - The Voice Performance,2017-12-20,chloe kohanski total eclipse of the heart
Chloe Kohanski,220630.0,False,0SqmAwQrNyypiTroSwVjbX,Wish I Didn’t Love You - The Voice Performance,2017-12-20,chloe kohanski wish i didn't love you
Chris Blue,194663.0,False,35ap6ekPdkGkiUkWfWhZB4,Money On You - The Voice Performance,2017-05-24,chris blue money on you
"Chris Brown, Future, Young Thug",202213.0,True,2XdgSB4TtzUHQYCMfSHbFI,High End,2017-10-13,chris brown high end
"Chris Brown, Usher, Gucci Mane",220813.0,True,05Z7jet4VDNVgNQWcYHnrk,Party,2016-12-16,chris brown party
"Chris Brown, Yo Gotti, A Boogie Wit da Hoodie, Kodak Black",292910.0,True,4YkwUfWSIxdKNLDXw0caFO,Pills & Automobiles,2017-08-04,chris brown pills and automobiles
Chris Brown,220963.0,True,2Vf2Pflg5rTWSvSCK4qq4A,Privacy,2017-03-24,chris brown privacy
Chris Brown,129477.0,False,5XQMr19TL7Mfksq9zihbOu,Questions,2017-08-18,chris brown questions
Chris Brown,218744.0,True,0709StHzSeXpdj2zmqF2o2,Tempo,2017-10-31,chris brown tempo
Chris Janson,188933.0,False,0s6OWiWGuiCcm1Muzch5A8,Fix a Drink,2017-09-22,chris janson fix a drink
Chris Lane,211226.0,False,19yTqpHTUrw7mOcRDvXYzn,For Her,2016-07-12,chris lane for her
"Chris Lane, Tori Kelly",212080.0,False,0N9uZRrJQ3lO5TmInEjLxc,Take Back Home Girl (feat. Tori Kelly),2018-07-13,chris lane take back home girl
Chris Stapleton,180906.0,False,06gD2ZtK3Dzc1BYqWExQJJ,Broken Halos,2017-05-05,chris stapleton broken halos
Chris Stapleton,248053.0,False,6Wo5YxkdXgwzKQZbDg2r17,Either Way,2017-05-05,chris stapleton either way
Chris Young,178253.0,False,6waqLPcT6ruMhmd36OhmFO,Losing Sleep,2017-10-20,chris young losing sleep
"Chris Young, Vince Gill",194560.0,False,081t95JRuDUrQYSS3h8iKk,Sober Saturday Night (feat. Vince Gill),2015-11-13,chris young sober saturday night
"Clean Bandit, Julia Michaels",205986.0,False,0Ult84lvFuqNvbyXwyRQ58,I Miss You (feat. Julia Michaels),2018-11-30,clean bandit i miss you
"Clean Bandit, Sean Paul, Anne-Marie",251088.0,False,5knuzwU65gJK7IF5yJsuaW,Rockabye (feat. Sean Paul & Anne-Marie),2016-10-21,clean bandit rockabye
"Clean Bandit, Demi Lovato",222653.0,False,6kPJZM97LwdG9QIsT7khp6,Solo (feat. Demi Lovato),2018-05-17,clean bandit solo
Cole Swindell,199693.0,False,5Z19ylxppfnfdP4JH0u8oj,Break up in the End,2018-08-17,cole swindell break up in the end
"Cole Swindell, Dierks Bentley",177066.0,False,0WyFpxYlBCgH1gMXd26OOr,Flatliner (feat. Dierks Bentley),2016-05-06,cole swindell flatliner
Karaoke Instrumental Masters Collection,226157.0,False,4JrTU7Hw1y9dkzcmGiQ69G,Broccoli (Originally Performed by D.R.A.M.) - Instrumental Karaoke Version,2017-10-06,d.r.a.m. broccoli
"DJ Khaled, Calvin Harris, Travis Scott, Jeremih",229146.0,True,6LOCAhFzZiavHcLJucLuDy,Don't Quit (feat. Travis Scott & Jeremih),2017-06-22,dj khaled don't quit
"DJ Khaled, Justin Bieber, Quavo, Chance the Rapper, Lil Wayne",288876.0,True,1jYiIOC5d6soxkJP81fxq2,"I'm the One (feat. Justin Bieber, Quavo, Chance the Rapper & Lil Wayne)",2017-06-22,dj khaled i'm the one
"DJ Khaled, Travis Scott, Rick Ross, Big Sean",233293.0,True,7lxZbmtC6SkUc2yXBgDOdO,"On Everything (feat. Travis Scott, Rick Ross & Big Sean)",2017-06-22,dj khaled on everything
"DJ Khaled, Beyoncé, JAY Z",284000.0,True,7Fa5UNizycSms5jP3SQD3F,Shining (feat. Beyoncé & Jay-Z),2017-06-22,dj khaled shining
"DJ Khaled, Drake",193901.0,True,2of5xn0GU0TdFneR1saRLH,To the Max,2017-06-22,dj khaled to the max
"DJ Khaled, JAY Z, Future, Beyoncé",230712.0,True,1W6wxOOYyJyyok8fqYSZ3m,Top Off,2018-03-02,dj khaled top off
"DJ Khaled, Rihanna, Bryson Tiller",204664.0,True,45XhKYRRkyeqoW3teSOkCM,Wild Thoughts (feat. Rihanna & Bryson Tiller),2017-06-22,dj khaled wild thoughts
DJ Luke Nasty,219512.0,True,5qi7piHIt9zwTYYBnIvfNZ,OTW,2016-05-13,dj luke nasty otw
"DJ Snake, Justin Bieber",205946.0,False,0lYBSQXN6rCTvUZvg9S0lU,Let Me Love You,2016-08-05,dj snake let me love you
DJ Suede The Remix God,129384.0,True,1r6cyaW7yMykwSyxTuwcuM,Cash Me Outside (#CashmeOutside),2017-01-31,dj suede the remix god cash me outside (#cashmeoutside)
Daddy Yankee,200480.0,False,6KuqAtoeVzxAYOaMveLNpH,Dura,2018-01-18,daddy yankee dura
Dan + Shay,192000.0,False,4n0xztUAbHPUV8G3NQvF30,How Not To,2016-06-03,dan + shay how not to
Dan + Shay,195986.0,False,7Il2yWQmsqKgSkLQvHTPUI,Tequila,2018-01-10,dan + shay tequila
"Daniel Caesar, Kali Uchis",278179.0,False,7zFXmv6vqI4qOt4yGf3jYZ,Get You (feat. Kali Uchis),2017-08-25,daniel caesar get you
Darius Rucker,197053.0,False,0LG2cFomCi8Fb664Lvr3Nu,For The First Time,2017-10-20,darius rucker for the first time
Darius Rucker,212320.0,False,4Az17HfqonKSWNsaLgTBeK,If I Told You,2017-10-20,darius rucker if i told you
"David Guetta, Justin Bieber",194906.0,False,762UXiwEHYY97VL45sAUPR,2U,2017-06-09,david guetta 2u
"David Lee Murphy, Kenny Chesney",229573.0,False,2NEBP8SXEqwZt2PRdPXXuy,Everything's Gonna Be Alright,2018-04-06,david lee murphy everything's gonna be alright
DeJ Loaf,169853.0,False,2H881m3JRA8lpuuwaQL6zy,No Fear,2017-06-16,dej loaf no fear
Demi Lovato,197893.0,False,0STK94RxUulYqWzwFlyAb5,Sober,2018-06-21,demi lovato sober
Demi Lovato,203760.0,True,7gvd8xj4QgPqbQSsn5pV7d,Sorry Not Sorry,2017-09-29,demi lovato sorry not sorry
Demi Lovato,203760.0,True,7gvd8xj4QgPqbQSsn5pV7d,Sorry Not Sorry,2017-09-29,demi lovato tell me you love me
Derez De’Shon,236032.0,True,4hxfqUojJ5u9SyAjiXevmy,Hardaway,2017-12-08,derez de'shon hardaway
Vox Freaks,249482.0,False,56V4lnkkgjEGkl7rS0R6Jk,It's Goin' Down (Originally Performed by Descendants 2 Cast) [Instrumental Version],2017-07-31,descendants 2 cast it's goin' down
Devin Dawson,224626.0,False,2mfahQ0EaaZWq4cFNg6A1o,All on Me,2018-01-19,devin dawson all on me
Dierks Bentley,197120.0,False,5CG9Ps5ynNjpKJHmwc95pa,Somewhere On A Beach,2016-06-10,dierks bentley black
Dierks Bentley,179826.0,False,3nBXOlFTADNvG9nkqy2O2W,"Woman, Amen",2018-06-08,"dierks bentley woman, amen"
"Diplo, French Montana, Lil Pump, Zhavia Ward",181720.0,True,5mqzhMuUpvnMfwNz6iepmO,"Welcome to the Party (with French Montana & Lil Pump, feat. Zhavia Ward) - from Deadpool 2",2018-05-15,"diplo, french montana welcome to the party"
"Drake, Sampha",186293.0,False,2fkeWbM6iqTw7oGHTYm2lw,4422,2017-03-18,drake 4422
Drake,195720.0,True,0zqy3ss4CwD6u4QPksS0nI,8 Out Of 10,2018-06-29,drake 8 out of 10
"Drake, Static Major, Ty Dolla $ign",289560.0,True,3mvYQKm8h6M5K5h0nVPY9S,After Dark (feat. Static Major & Ty Dolla $ign),2018-06-29,drake after dark
Drake,216557.0,False,2XlHu0HcujBCkWMdIAvrqt,Blem,2017-03-18,drake blem
Drake,162800.0,True,4n1bdaKwynQndm47x5HqWX,Blue Tint,2018-06-29,drake blue tint
Drake,228437.0,True,5f5r2N4Lp9WoULWPH9zp2W,Can't Have Everything,2017-03-18,drake can't have everything
Drake,163974.0,True,1dUHF4RyMmMTveJ0Rby6Xm,Can’t Take A Joke,2018-06-29,drake can't take a joke
Drake,255866.0,True,4haJoBPbPj9QFKNpp9e8kx,Diplomatic Immunity,2018-01-20,drake diplomatic immunity
Drake,283550.0,True,2KvHC9z14GSl4YpkNMX384,Do Not Disturb,2017-03-18,drake do not disturb
"Drake, Michael Jackson",245786.0,False,6G8kHiVZ1jW7vHMPVRNZU0,Don’t Matter To Me (with Michael Jackson),2018-06-29,drake don't matter to me
Drake,184960.0,True,3szf2z1Cy1QMrtHrbn8rz9,Elevate,2018-06-29,drake elevate
Drake,302173.0,True,5Psnhdkyanjpgc2P8A5TSM,Emotionless,2018-06-29,drake emotionless
Drake,210937.0,True,343YBumqHu19cGoGARUTsd,Fake Love,2017-03-18,drake fake love
Drake,219960.0,True,44Du2IM1bGY7dicmLfXbUs,Final Fantasy,2018-06-29,drake final fantasy
Drake,182080.0,False,2WP8G2pdddDmnh1xbfKBOI,Finesse,2018-06-29,drake finesse
Drake,218673.0,True,05KOgYg8PGeJyyWBPi5ja8,Free Smoke,2017-03-18,drake free smoke
"Drake, Black Coffee, Jorja Smith",250337.0,True,7y6c07pgjZvtHI9kuMVqk1,Get It Together,2017-03-18,drake get it together
"Drake, Kanye West",206119.0,True,28irpKCCK9nn9DZSik2zEx,Glow,2017-03-18,drake glow
Drake,198973.0,True,6DCZcSspjsKoFjzjrWoCdn,God's Plan,2018-06-29,drake god's plan
Drake,189229.0,True,6UjfByV1lDLW0SOVQA4NAi,Gyalchester,2017-03-18,drake gyalchester
Drake,214466.0,True,3qN5qMTKyEEmiTZD38BNTT,I'm Upset,2018-06-29,drake i'm upset
"Drake, Young Thug",250770.0,True,7bJ4mu7MHa3rHiNyKjOoSl,Ice Melts,2017-03-18,drake ice melts
Drake,217925.0,True,2G7V7zsVDxg1yRsu7Ew9RJ,In My Feelings,2018-06-29,drake in my feelings
Drake,226906.0,True,1Tnw0ItH1Macok8gblnPPd,Is There More,2018-06-29,drake is there more
Drake,262453.0,True,4c2xt1trwYZpMqPWY35Xi9,Jaded,2018-06-29,drake jaded
Drake,107673.0,True,13e6f8t7RKXuxZ0JdaaJRG,Jorja Interlude,2017-03-18,drake jorja interlude
"Drake, Giggs",162637.0,True,2jTujnt0y344ai1rNOywgr,KMT,2017-03-18,drake kmt
Drake,305373.0,True,2Na0z2gfN67Rzf0vp74Wi3,Lose You,2017-03-18,drake lose you
Drake,205162.0,False,76gUmNLXGQVOsGhfcshkFP,Madiba Riddim,2017-03-18,drake madiba riddim
Drake,309560.0,True,09lmraDvzBT3pUQ2rUtJzK,March 14,2018-06-29,drake march 14
Drake,205146.0,True,7rC5Pl8rQSX4myONQHYPBK,Mob Ties,2018-06-29,drake mob ties
Drake,210746.0,True,3CA9pLiwRIGtUBiMjbZmRw,Nice For What,2018-06-29,drake nice for what
"Drake, Giggs",149568.0,True,6CfrYuD3YRDYdYvH9jNtXY,No Long Talk,2017-03-18,drake no long talk
Drake,238614.0,True,0TlLq3lA83rQOYtrqBqSct,Nonstop,2018-06-29,drake nonstop
Drake,153724.0,False,6MbH1QiphMCPTqVEVC7UYi,Nothings Into Somethings,2017-03-18,drake nothings into somethings
Drake,298940.0,True,5mCPDVBb16L4XQwDdbRUpz,Passionfruit,2017-03-18,drake passionfruit
Drake,206026.0,True,11L064movtyopGdLiX4sVg,Peak,2018-06-29,drake peak
"Drake, Quavo, Travis Scott",236614.0,True,2bjwRfXMk4uRgOD9IBYl9h,Portland,2017-03-18,drake portland
Drake,207306.0,True,4SUwJA3eUVNHExxMPEUhQe,Ratchet Happy Birthday,2018-06-29,drake ratchet happy birthday
"Drake, 2 Chainz, Young Thug",307593.0,True,0xl1w2q4VLojeXp4JfazPL,Sacrifices,2017-03-18,drake sacrifices
Drake,216333.0,True,6cblRiEGDRNZgowcm951R3,Sandra’s Rose,2018-06-29,drake sandra's rose
Drake,234373.0,False,6Na5uKk5SsqZimk0hAWo8y,Signs,2017-06-23,drake signs
"Drake, PARTYNEXTDOOR",368035.0,False,5JUu0unA8VwhTZ9LkMWUVI,Since Way Back,2017-03-18,drake since way back
Drake,143213.0,True,2dfqS3MRtbLZSZA1IL8xY5,Skepta Interlude,2017-03-18,drake skepta interlude
Drake,247893.0,False,4HG1YiGBseVKzjyKcmAJen,Summer Games,2018-06-29,drake summer games
Drake,136186.0,True,2yg9UN4eo5eMVJ7OB4RWj3,Survival,2018-06-29,drake survival
"Drake, JAY Z",223240.0,True,4ksuI04WMvUnJbHQjgs3L5,Talk Up (feat. Jay-Z),2018-06-29,drake talk up
Drake,219692.0,True,6n3HGiq4v35D6eFOSwqYuo,Teenage Fever,2017-03-18,drake teenage fever
Drake,157605.0,True,41a7dZcq30Ss5kPMayWRV0,That’s How You Feel,2018-06-29,drake that's how you feel
Dua Lipa,217946.0,True,76cy1WJvNGJTj78UqeA5zr,IDGAF,2017-06-02,dua lipa idgaf
Dua Lipa,209320.0,False,2ekn2ttSfGqwhhate0LSR0,New Rules,2017-06-02,dua lipa new rules
Dustin Lynch,194893.0,False,7pxhKtuTwofDIdgHx2DcVK,Seein' Red,2017-09-08,dustin lynch seein' red
Dustin Lynch,205733.0,False,2YMhrXQYKkm4kXLcXKKd5z,Small Town Boy,2017-09-08,dustin lynch small town boy
Dwayne Johnson,163893.0,False,6U4VqEHy4n5VeiH4pQPL24,You're Welcome,2016-11-18,dwayne johnson you're welcome
Dylan Scott,197640.0,False,3izNaTiYdotdPL0Bs76JqO,My Girl,2017-08-04,dylan scott my girl
Easton Corbin,217840.0,False,3AsNVBJ7LHsltdu9490ZiS,A Girl Like You,2017-01-27,easton corbin a girl like you
Ed Sheeran,191146.0,False,3Lfiu5sZ4M4B6JaKMBc0FU,Barcelona,2017-03-03,ed sheeran barcelona
Ed Sheeran,261153.0,False,6PCUP3dWmTjcTtXY02oFdT,Castle on the Hill,2017-03-03,ed sheeran castle on the hill
Ed Sheeran,238440.0,False,51ChrwmUPDJvedPQnIU8Ls,Dive,2017-03-03,ed sheeran dive
Ed Sheeran,227426.0,False,7oolFzHipTMg2nL7shhdz2,Eraser,2017-03-03,ed sheeran eraser
Ed Sheeran,170826.0,False,0afhq8XCExXpqazXczTSve,Galway Girl,2017-03-03,ed sheeran galway girl
Ed Sheeran,207520.0,False,2RttW7RAu5nOAfq6YFvApB,Happier,2017-03-03,ed sheeran happier
Ed Sheeran,248413.0,False,2dfHh7ECGxfNqZTQno09Vk,Hearts Don't Break Around Here,2017-03-03,ed sheeran hearts don't break around here
Ed Sheeran,280533.0,False,6PJ8FF6UR8FZXfEvpHkIVN,How Would You Feel (Paean),2017-03-03,ed sheeran how would you feel (paean)
Ed Sheeran,189280.0,False,5HDPtsnyb3maFmPL8LLUTG,New Man,2017-03-03,ed sheeran new man
Ed Sheeran,263400.0,False,0tgVpDi06FyKpA1z0VMD4v,Perfect,2017-03-03,ed sheeran perfect
Ed Sheeran,233712.0,False,7qiZfU4dY1lWllzX7mPBI3,Shape of You,2017-03-03,ed sheeran shape of you
Ed Sheeran,221106.0,False,4VuS959DSpr82t3qBqCrWG,Supermarket Flowers,2017-03-03,ed sheeran supermarket flowers
Ed Sheeran,237333.0,False,2pJZ1v8HezrAoZ0Fhzby92,What Do I Know?,2017-03-03,ed sheeran what do i know?
"Pitbull, El Chombo, Karol G, Cutty Ranks",178366.0,False,5BVMLKioofuSf51g1DKDP9,Dame Tu Cosita (feat. Cutty Ranks) - Radio Version,2018-08-29,el chombo dame tu cosita
Ella Mai,256063.0,False,0At2qAoaVjIwWNAqrscXli,Boo'd Up,2017-02-22,ella mai boo'd up
Eminem,315346.0,True,4iTyf5pLZMOR8YrEZgSopo,Believe,2017-12-15,eminem believe
"Eminem, Ed Sheeran",221013.0,True,1cS0TgbR263ey9jn0MwD2s,River (feat. Ed Sheeran),2017-12-15,eminem river
Eminem,370133.0,True,6IvespQWGW4USXwexlVKDm,Untouchable,2017-12-15,eminem untouchable
"Eminem, Beyoncé",303640.0,True,7CcoUAtUcYhUfBsmtn0ajO,Walk On Water (feat. Beyoncé),2017-12-15,eminem walk on water
"Enrique Iglesias, Bad Bunny",228138.0,False,2vvdTrdryjsl8DmPIMDWZU,EL BAÑO,2018-01-12,enrique iglesias el bano
"Enrique Iglesias, Descemer Bueno, Zion & Lennox",208162.0,False,7nKBxz47S9SD79N086fuhn,SUBEME LA RADIO,2017-02-24,enrique iglesias subeme la radio
Eric Church,199213.0,False,0ipcmHor30Y8p6hCd8QUVq,Kill A Word,2015-11-11,eric church kill a word
Eric Church,214626.0,False,52ioLaTnO2J7BWY8UN2n9D,Round Here Buzz,2015-11-11,eric church round here buzz
Famous Dex,142000.0,True,5PTG6rrL6EPFD9E2QMI2pl,JAPAN,2018-04-06,famous dex japan
"Famous Dex, A$AP Rocky",191251.0,True,3ncgNpxLoBQ65ABk4djDyd,PICK IT UP (feat. A$AP Rocky),2017-10-20,famous dex pick it up
"Farruko, Nicki Minaj, Bad Bunny, 21 Savage, Rvssian",237160.0,True,038kavjqUaGIYZL5lYocvX,Krippy Kush - Remix,2017-11-21,"farruko, nicki minaj, bad bunny, 21 savage krippy kush"
"Fifth Harmony, Gucci Mane",165200.0,False,0XQHz5C8PknyrEhyrKxVKa,Down,2017-10-29,fifth harmony down
Fitz and The Tantrums,193253.0,False,4qRaZYiaOsSvWC7VgcxrI0,HandClap,2017-07-24,fitz and the tantrums handclap
"Flo Rida, 99 Percent",157164.0,False,6t2ubAB4iSYOuIpRAOGd4t,Cake - Challenge Version,2016-12-16,flo rida cake
"Florida Georgia Line, Backstreet Boys",183413.0,False,4VFE6ZNqa8jHAmbYICoAFg,"God, Your Mama, And Me",2016-08-26,"florida georgia line god, your mama, and me"
Florida Georgia Line,185200.0,False,4L9Ds4mpD3SuYoWwFUlv16,Simple,2019-02-15,florida georgia line simple
Florida Georgia Line,170200.0,False,31x4wWBghN7f5PiEZUmcAW,Smooth,2016-08-26,florida georgia line smooth
Foster The People,243146.0,False,4BdGO1CaObRD4La9l5Zanz,Sit Next to Me,2017-07-21,foster the people sit next to me
Frank Ocean,210285.0,True,6Nle9hKrkL1wQpwNfEkxjh,Chanel,2017-03-10,frank ocean chanel
"French Montana, The Weeknd, Max B",226790.0,True,1vVNlXi8gf8tZ7OhnEs4VE,A Lie,2017-07-14,french montana a lie
"French Montana, Swae Lee",233901.0,True,3B54sVLJ402zGa6Xm4YGNe,Unforgettable,2017-07-14,french montana unforgettable
Future,187748.0,True,3IJ6BBFLD2I2CH3hHFQj3O,4 da Gang,2017-10-20,future 4 da gang
"Future, Young Thug",204960.0,True,1wWRtPIKD7ZNvtsrzLyTev,All da Smoke,2017-10-20,future all da smoke
"Future, The Weeknd",254369.0,True,1B87ZDrD3Pno9hS4stamWO,Comin Out Strong,2017-07-27,future comin out strong
Future,225134.0,True,4GkkxswcdEt1tkSyiRzgnC,Draco,2017-06-30,future draco
"Future, YG",246173.0,True,1tlBuoIRrtqFs9bE9dmli5,Extra Luv,2017-06-30,future extra luv
Future,166693.0,True,3lyeSiAIdLoZUHhV8psOTI,Feed Me Dope,2017-10-20,future feed me dope
Future,204600.0,True,0VgkVdmE4gld66l8iyGjgx,Mask Off,2017-06-30,future mask off
"Future, Young Thug",144142.0,True,06Gyf2pFDVmN5K8XAawG96,No Cap,2017-10-20,future no cap
"Future, Young Thug, Offset",189480.0,True,7r6LNJT2LqpLpEyZQJPygt,Patek Water,2017-10-20,future patek water
Future,265366.0,True,5W9QCBJ6Em0XWX333YrNhc,Rent Money,2017-06-30,future rent money
"Future, Rihanna",251422.0,True,6yHkPtl6UQ7RjtJLBPzbJw,Selfish,2017-07-27,future selfish
Future,230129.0,True,4XaW4jIud5YxwV4QRJOb40,Super Trapper,2017-06-30,future super trapper
"Lil Durk, Future",262328.0,True,6lCa8pjIU9n3nVI0r62EdM,Spin The Block (feat. Future),2018-11-09,future three
"Future, Drake",180520.0,True,3V8sM5OOG6YfDuDLa2IIYJ,Used to This,2016-11-04,future used to this
"Future, Nicki Minaj",242933.0,True,4AFgK4wP1iD5i8BYaLr9Vf,You Da Baddest,2017-07-27,future you da baddest
Future,278429.0,True,2IG6Te7JyvrtqhFeOF7le4,Zoom,2017-06-30,future zoom
"G-Eazy, Kehlani",225525.0,False,1Eck97uRMlprKOOJN9oO1E,Good Life (with G-Eazy & Kehlani),2017-03-16,g-eazy good life
"G-Eazy, Halsey",268866.0,True,5k38wzpLb15YgncyWdTZE4,Him & I (with Halsey),2017-12-15,g-eazy him & i
"G-Eazy, A$AP Rocky, Cardi B",245386.0,True,2Xqd0wUttjueBfdcltADOv,No Limit,2017-09-07,g-eazy no limit
"G-Eazy, Marc E. Bassy",222466.0,True,1Bqxj0aH5KewYHKUg1IdrF,Some Kind Of Drug,2015-12-04,g-eazy some kind of drug
G-Eazy,250293.0,True,7fOPVfABNLg3sxtgXBhBdp,The Plan,2017-12-15,g-eazy the plan
The Karaoke Studio,211570.0,False,55YVVetvm37z3oTHrdD5dV,Ask Me How I Know (In the Style of Garth Brooks) [Karaoke Vesion],2017-12-17,garth brooks ask me how i know
"GoldLink, Brent Faiyaz, Shy Glizzy",176702.0,True,15EPc80XuFrb2LmOzGjuRg,Crew (feat. Brent Faiyaz & Shy Glizzy),2017-03-24,goldlink crew
"Gorillaz, George Benson",197933.0,False,3NeiYiBn3rQBgurfVk92Zm,Humility (feat. George Benson),2018-06-29,gorillaz humility
Granger Smith,170093.0,False,1LZNdHSaGjV2S9q8BrZwnh,If the Boot Fits,2016-03-04,granger smith if the boot fits
"Gucci Mane, Drake",190311.0,True,5tFep7dXGd7vEJ668wTPux,Both (feat. Drake),2016-12-16,gucci mane both
"Gucci Mane, The Weeknd",161989.0,True,2yuyaYAELoMG4ApV5wJsWR,Curve (feat. The Weeknd),2017-10-13,gucci mane curve
"Gucci Mane, Migos",233087.0,True,1XRgIKC5TPwo7nWGyKqgG0,I Get The Bag (feat. Migos),2017-10-13,gucci mane i get the bag
"Gucci Mane, Nicki Minaj",300160.0,True,2jIT1TfSIjVik7Qu1B6P5h,Make Love,2017-10-13,gucci mane make love
"Gucci Mane, Offset",209142.0,True,2XaInsPPUkZRkY4uFJ3AHK,Met Gala (feat. Offset),2017-05-26,gucci mane met gala
"Gucci Mane, Slim Jxmmi, Young Dolph",316053.0,True,17DjWsC0G9YQtAiepG3c5v,Stunting Ain't Nuthin (feat. Slim Jxmmi & Young Dolph),2017-10-13,gucci mane stunting ain't nuthin
H.E.R.,200133.0,False,3tZs3nVjySLbL320lP4mvs,Focus,2017-10-20,h.e.r. focus
"Hailee Steinfeld, Alesso, Florida Georgia Line, watt",174800.0,False,5Gu0PDLN4YJeW75PpBSg9p,"Let Me Go (with Alesso, Florida Georgia Line & watt)",2017-09-08,hailee steinfeld let me go
Hailee Steinfeld,204400.0,False,10GJQkjRJcZhGTLagFOC62,Most Girls,2017-04-28,hailee steinfeld most girls
"Hailee Steinfeld, Grey, Zedd",181880.0,False,4Ce37cRWvM1vIGGynKcs22,Starving,2016-07-22,hailee steinfeld starving
Halsey,205660.0,False,2Te14aSrBgFj1CE2sBBVMX,Alone,2017-06-02,halsey alone
Halsey,181279.0,False,7y9iMe8SOB6z3NoHE2OfXl,Bad At Love,2017-06-02,halsey bad at love
Halsey,214801.0,False,7i2DJ88J7jQ8K7zqFX2fW8,Now Or Never,2017-06-02,halsey now or never
"Halsey, Lauren Jauregui",221205.0,False,11EDhDAVDtGPoSar6ootYA,Strangers,2017-06-02,halsey strangers
Harry Styles,340706.0,False,5Ohxk2dO5COHF1krpoPigN,Sign of the Times,2017-05-12,harry styles sign of the times
Harry Styles,224866.0,False,5kRPPEWFJIMox5qIkQkiz5,Sweet Creature,2017-05-12,harry styles sweet creature
Hey Violet,213694.0,True,0Xm8tw6qikotb8FAOZ2ks7,Guys My Age,2017-06-16,hey violet guys my age
High Valley,180301.0,False,2p2cCrOaNrIOLk5ArtlHy6,She's With Me,2016-11-18,high valley she's with me
"Hugh Jackman, Keala Settle, Zac Efron, Zendaya, The Greatest Showman Ensemble",302146.0,False,4ylWMuGbMXNDgDd8lErEle,The Greatest Show,2017-12-08,"hugh jackman, keala settle, zac efron, zendaya the greatest show"
Imagine Dragons,204346.0,False,0pqnGHJpmpxLKifKRmU6WP,Believer,2017-06-23,imagine dragons believer
Imagine Dragons,187146.0,False,1zB4vmk8tFRmM9UULNzbLB,Thunder,2017-06-23,imagine dragons thunder
Imagine Dragons,201240.0,False,6Qn5zhYkTa37e91HC1D7lb,Whatever It Takes,2017-06-23,imagine dragons whatever it takes
"J Balvin, Willy William",189440.0,False,4ipnJyDU3Lq15qBAYNqlqK,Mi Gente,2017-06-30,j balvin mi gente
J. Cole,190176.0,True,7EulRO07ZgchxqKUHb8Pvc,1985 - Intro to “The Fall Off”,2018-04-20,j. cole 1985 (intro to the fall off)
J. Cole,216726.0,True,2UciqgwVDwro0fev3MFbxJ,ATM,2018-04-20,j. cole atm
J. Cole,315771.0,True,5sWbwccBcyHsg5LEKWGZo9,BRACKETS,2018-04-20,j. cole brackets
J. Cole,264746.0,True,6I6NX6tjGsxFAsIfGzY9lJ,Deja Vu,2016-12-09,j. cole deja vu
"J. Cole, kiLL edward",257646.0,True,6onwlDmIVKE8bBgyBRSuS0,FRIENDS (feat. kiLL edward),2018-04-20,j. cole friends
J. Cole,190176.0,True,7EulRO07ZgchxqKUHb8Pvc,1985 - Intro to “The Fall Off”,2018-04-20,j. cole intro
J. Cole,191436.0,True,7yotKA30dwTKNEGomV9ZsI,KOD,2018-04-20,j. cole kod
J. Cole,200309.0,True,6tZ3b7ik1QDXFAZlXib0YZ,Kevin’s Heart,2018-04-20,j. cole kevin's heart
J. Cole,133921.0,True,1AT4xjNarTswd0UZ5FlmKF,Motiv8,2018-04-20,j. cole motiv8
J. Cole,197821.0,True,0Px86mRlxdB3YqpK6KXWlr,Once an Addict - Interlude,2018-04-20,j. cole once an addict (interlude)
J. Cole,218953.0,True,0bhnUFDQFCEHCBlsQfHnj5,Photograph,2018-04-20,j. cole photograph
"J. Cole, kiLL edward",237295.0,True,3rFF7kSm5qBOOPs6ljFgPp,The Cut Off (feat. kiLL edward),2018-04-20,j. cole the cut off
J. Cole,286729.0,True,5Lgqu1th1KqlG97OF2gWGe,Window Pain - Outro,2018-04-20,j. cole window pain (outro)
Karaoke Station,298012.0,False,1g2rFNzFQO2kj7SuDRCAvf,4:44 (Karaoke Version) (Originally Performed by JAY-Z),2017-08-16,jay-z 4:44
DailyHeatChecc,119067.0,False,1V6CqDyFSx6iMbvqi09xO3,Jay Z Bam (Instrumental),2018-01-26,jay-z bam
"Kendrick Lamar, JAY Z",278800.0,True,7ALEBJ8LOQqXVJ2tqnXtoH,"Bitch, Don’t Kill My Vibe - Remix",2012,jay-z kill jay z
Karaoke Station,237134.0,False,016wHHFlmCssVY2bOkS0ev,The Story of O.J. (Karaoke Version) (Originally Performed by Jay-Z),2017-08-02,jay-z the story of o.j.
Jacquees,236146.0,True,1B6TmCvKjC4dopBohVW51x,B.E.D.,2018-09-07,jacquees b.e.d.
Jake Owen,188013.0,False,3dlCF1mzW1UKMOb4b1XN17,I Was Jack (You Were Diane),2019-03-29,jake owen i was jack (you were diane)
"Jake Paul, Team 10",217678.0,True,4l62h4tiuUwn7eD6hxMlVQ,It's Everyday Bro,2017-05-30,jake paul it's everyday bro
2017 Canz Duo,248006.0,False,6ZxjRoKGEOQAx27GfMKJIs,Jerika (Tribute to Jake Paul),2017-07-24,jake paul jerika
James Arthur,211466.0,False,5uCax9HTNlzGybIStD3vDh,Say You Won't Let Go,2016-10-28,james arthur say you won't let go
Janelle Monáe,194230.0,True,5gW5dSy3vXJxgzma4rQuzH,Make Me Feel,2018-04-27,janelle monae make me feel
Jason Aldean,203293.0,False,4T5Z4mbTe7kuGqgLpaRtTh,Any Ol' Barstool,2016-09-09,jason aldean any ol' barstool
"Jason Aldean, Miranda Lambert",202066.0,False,2dwoqUYTy6SOy1dFqcTndC,Drowns The Whiskey (feat. Miranda Lambert),2018-04-13,jason aldean drowns the whiskey
Jason Aldean,203293.0,False,4T5Z4mbTe7kuGqgLpaRtTh,Any Ol' Barstool,2016-09-09,jason aldean they don't know
Jason Aldean,196800.0,False,2ZxTjs4EdJl4Y9YByIiNoo,You Make It Easy,2018-01-26,jason aldean you make it easy
"Jason Derulo, Nicki Minaj, Ty Dolla $ign",216408.0,True,6kex4EBAj0WHXDKZMEJaaF,Swalla (feat. Nicki Minaj & Ty Dolla $ign),2017-02-23,jason derulo swalla
"Jay Rock, Kendrick Lamar, Future, James Blake",229670.0,True,51rXHuKN8Loc4sUlKPODgH,"King's Dead (with Kendrick Lamar, Future & James Blake)",2018-01-12,"jay rock, kendrick lamar, future king's dead"
"Jennifer Lopez, DJ Khaled, Cardi B",213750.0,False,22mQXNE0nCuWq4yOwcadIn,Dinero,2018-05-17,jennifer lopez dinero
"Jhene Aiko, Swae Lee",276960.0,True,2pg2TiYo9Rb8KeB5JjP7jS,Sativa,2017-09-22,jhene aiko sativa
John Legend,210293.0,False,6nxQdXa1uAL0rY72wPZu89,Love Me Now,2016-12-02,john legend love me now
Jon Bellion,217603.0,True,0SuLAslEMFZAXf0SwY7syi,All Time Low,2016-06-10,jon bellion all time low
Jon Pardi,201893.0,False,7f08qp3HROTkfrtNpiYGGo,Dirt On My Boots,2016-05-13,jon pardi dirt on my boots
Jon Pardi,205200.0,False,0w3Q14i073jLoew1hgJkwD,Heartache On The Dance Floor,2016-05-13,jon pardi heartache on the dance floor
Jordan Davis,182666.0,False,4LiMQ6G9n84rDUBs9wtwz6,Singles You Up,2018-03-23,jordan davis singles you up
José Feliciano,182066.0,False,0oPdaY4dXtc3ZsaG17V972,Feliz Navidad,2002-09-24,jose feliciano feliz navidad
Josh Turner,215080.0,False,5C6uh95eAL0RBTSGXKQwvk,Hometown Girl,2017-03-10,josh turner hometown girl
"Joyner Lucas, Chris Brown",219733.0,True,34I0nBvoE0ZXmqbKiJ5BWS,Stranger Things,2018-02-25,joyner lucas stranger things
Juice WRLD,165819.0,True,4VXIryQMWpIdGgYR4TrjT1,All Girls Are The Same,2018-12-10,juice wrld all girls are the same
Juice WRLD,191840.0,True,1Knctxx9vGZxpZfF66BIEa,Legends,2018-06-22,juice wrld legends
Juice WRLD,239835.0,True,285pBltuF7vW8TeWk8hdRR,Lucid Dreams,2018-12-10,juice wrld lucid dreams
Julia Michaels,176320.0,False,7vu0JkJh0ldukEYbTVcqd0,Issues,2017-07-28,julia michaels issues
"Justin Bieber, BloodPop®",189466.0,False,7iNIg7XDEaYECfWD5dJ9Va,Friends (with BloodPop®),2017-08-17,justin bieber + bloodpop friends
Justin Moore,165173.0,False,3n2A6l4UayVe3GGKCvfQWV,Somebody Else Will,2016-01-01,justin moore somebody else will
Justin Timberlake,237546.0,False,1WkMMavIMc4JZ8cfMmxHkI,"CAN'T STOP THE FEELING! (Original Song from DreamWorks Animation's ""TROLLS"")",2016-09-23,justin timberlake can't stop the feeling!
Justin Timberlake,293946.0,False,1L3NV7VrCiuE8C5QlhdeQL,Filthy,2018-01-05,justin timberlake filthy
"Justin Timberlake, Chris Stapleton",278893.0,False,1LhMopPAallLeaeNutqbgS,Say Something,2018-02-02,justin timberlake man of the woods
"Justin Timberlake, Chris Stapleton",278893.0,False,09ts3GnICqYEU5PkQCpJK3,Say Something,2018-01-25,justin timberlake say something
Justin Timberlake,225600.0,False,6jT85s2dZ55HBqjXYi2rfI,Supplies,2018-02-02,justin timberlake supplies
"KIDS SEE GHOSTS, Louis Prima",153351.0,True,6JyEh4kl9DLwmSAoNDRn5b,4th Dimension,2018-06-08,kids see ghosts 4th dimension
KIDS SEE GHOSTS,197000.0,True,4kUZvXB3LC3an3HX6h0s17,Cudi Montage,2018-06-08,kids see ghosts cudi montage
"KIDS SEE GHOSTS, Pusha T",165053.0,True,3aUFrxO1B8EW63QchEl3wX,Feel The Love,2018-06-08,kids see ghosts feel the love
KIDS SEE GHOSTS,140526.0,True,7oHkit3F3vimtsBbnZkU0G,Fire,2018-06-08,kids see ghosts fire
"KIDS SEE GHOSTS, Ty Dolla $ign",206605.0,True,7GRTrWsP3yo2Fx8umJfA1X,Freeee (Ghost Town Pt. 2),2018-06-08,"kids see ghosts freeee (ghost town, pt. 2)"
KIDS SEE GHOSTS,324674.0,True,4RVbK6cV0VqWdpCDcx3hiT,Reborn,2018-06-08,kids see ghosts kids see ghosts
KIDS SEE GHOSTS,324674.0,True,4RVbK6cV0VqWdpCDcx3hiT,Reborn,2018-06-08,kids see ghosts reborn
"KYLE, Lil Yachty",253106.0,True,2EEeOnHehOozLq4aS0n6SL,iSpy (feat. Lil Yachty),2016-12-02,kyle ispy
KALEO,213706.0,False,0y1QJc3SJVPKJ1OvFmFqe6,Way Down We Go,2016-06-10,kaleo way down we go
Kane Brown,191733.0,False,4iLeL1aYGcQBsYcWIhXIUO,Found You,2017-10-06,kane brown found you
Kane Brown,179506.0,False,1HXy5I3HTWq8OvxCn0z7G7,Heaven,2017-10-06,kane brown heaven
Kane Brown,178986.0,False,5tFgCPC2Hdw4qu9b7RkWhR,Lose It,2018-11-09,kane brown lose it
"Kane Brown, Lauren Alaina",188253.0,False,7zVCrzzEJU7u24sbJPXA5W,What Ifs,2016-12-02,kane brown what ifs
Kanye West,145506.0,True,3U21A07gAloCc4P7J8rxcn,All Mine,2018-06-01,kanye west all mine
"Kanye West, PARTYNEXTDOOR",271386.0,True,7vgTNTaEz3CsBZ1N4YQalM,Ghost Town,2018-06-01,kanye west ghost town
Kanye West,274186.0,True,0yhxBvedRdGxsPZHJNI4VA,I Thought About Killing You,2018-06-01,kanye west i thought about killing you
Kanye West,123040.0,True,35KV2Nuib6jPMVN00O8iba,No Mistakes,2018-06-01,kanye west no mistakes
Kanye West,215320.0,True,3s7MCdXyWmwjdcWh7GWXas,Violent Crimes,2018-06-01,kanye west violent crimes
"Kanye West, PARTYNEXTDOOR",205546.0,True,1nGoy0cEj0extAwXYNYTWd,Wouldn't Leave,2018-06-01,kanye west wouldn't leave
Kanye West,202641.0,True,69b0SDYOymaqYwm3la237H,Ye vs. the People (starring TI as the People),2018-04-28,kanye west ye vs the people
Kanye West,188773.0,True,1qsHYUd2c1wFGcn7e63QmG,Yikes,2018-06-01,kanye west yikes
"Katy Perry, Migos",227813.0,False,4rHmKlFRiFzabiVO6e9w2e,Bon appétit,2017-06-09,katy perry bon appetit
"Katy Perry, Skip Marley",237733.0,False,7qvxFz3JodM0A7xEM7k3YD,Chained To The Rhythm,2017-06-09,katy perry chained to the rhythm
"Katy Perry, Nicki Minaj",242520.0,True,3OtMnyUaiipcAT23A8liyi,Swish Swish,2017-06-09,katy perry swish swish
"Keala Settle, The Greatest Showman Ensemble",234706.0,False,45aBsnKRWUzhwbcqOJLwfe,This Is Me,2017-12-08,keala settle this is me
Keith Urban,230600.0,False,6wycnu8FWXsj68ig7BEot9,Blue Ain't Your Color,2016-05-06,keith urban blue ain't your color
"Keith Urban, Julia Michaels",213938.0,False,4pWb8UZ6IPVJA3CPjCNgzq,Coming Home,2018-04-27,keith urban coming home
Keith Urban,195316.0,False,1t34UsQ634a233qysq6D6L,Female,2018-04-27,keith urban female
"Keith Urban, Carrie Underwood",184040.0,False,5OUSPcqhYTOzpbXzoEvKim,The Fighter,2016-05-06,keith urban the fighter
Kelly Clarkson,172426.0,False,16QN8cBubEq706vNtPpOME,Love So Soft,2017-10-27,kelly clarkson love so soft
Kelsea Ballerini,244466.0,False,6vlxmQGwmlyp07YjkugV6K,Legends,2018-10-26,kelsea ballerini legends
Kelsea Ballerini,194413.0,False,2WaOQWSv0D1tZNxyLvnGAI,Yeah Boy,2015-05-18,kelsea ballerini yeah boy
"Kendrick Lamar, SZA",232186.0,True,3GCdLUSnKSMJhs4Tj6CV3s,All The Stars (with SZA),2018-02-09,kendrick lamar all the stars
"Kendrick Lamar, Travis Scott",221826.0,True,5cXg9IQS34FzLVdHhp7hu7,Big Shot (with Travis Scott),2018-02-09,kendrick lamar big shot
"The Weeknd, Kendrick Lamar",211440.0,True,77UjLW8j5UAGAGVGhR5oUK,Pray For Me (with Kendrick Lamar),2018-02-09,kendrick lamar black panther
Kendrick Lamar,118066.0,True,1n4jwRVXdkK2U34nBDUKKT,BLOOD.,2017-04-14,kendrick lamar blood.
Kendrick Lamar,185946.0,True,6HZILIRieu8S0iqY8kIKhj,DNA.,2017-04-14,kendrick lamar dna.
Kendrick Lamar,248613.0,True,0y9uTzK9cNKSAEHnpeRG8C,DUCKWORTH.,2017-04-14,kendrick lamar duckworth.
Kendrick Lamar,208733.0,True,1EaKU4dMbesXXd3BrLCtYG,ELEMENT.,2017-04-14,kendrick lamar element.
Kendrick Lamar,460573.0,True,23luOrEVHMfoX0AhfbQuS6,FEAR.,2017-04-14,kendrick lamar fear.
Kendrick Lamar,214826.0,True,2LTlO3NuNVN70lp2ZbVswF,FEEL.,2017-04-14,kendrick lamar feel.
Kendrick Lamar,248826.0,True,5p3NP9mQblDsVJLdfNZJ3I,GOD.,2017-04-14,kendrick lamar god.
Kendrick Lamar,177000.0,True,7KXjTSCq5nL1LoYtL7XAwS,HUMBLE.,2017-04-14,kendrick lamar humble.
"Kendrick Lamar, Zacari",213400.0,True,6PGoSes0D9eUDeeAafB2As,LOVE. FEAT. ZACARI.,2017-04-14,kendrick lamar love.
"Kendrick Lamar, Rihanna",227360.0,True,6SwRhMLwNqEi6alNPVG00n,LOYALTY. FEAT. RIHANNA.,2017-04-14,kendrick lamar loyalty.
Kendrick Lamar,307880.0,True,06FCvd7rrRcF3DdvWH5Isp,LUST.,2017-04-14,kendrick lamar lust.
Kendrick Lamar,275253.0,True,6IZvVAP7VPPnsGX6bvgkqg,PRIDE.,2017-04-14,kendrick lamar pride.
Karaoke Pro,289869.0,False,3VZf7aAduaJnQjqTIinfCv,The Heart Part 4 (Originally Performed by Kendrick Lamar) - Instrumental Version,2017-04-12,kendrick lamar the heart part 4
"Kendrick Lamar, U2",254200.0,True,4iYRa2btalAzPZoSYfROqF,XXX. FEAT. U2.,2017-04-14,kendrick lamar xxx.
Kendrick Lamar,160293.0,True,4BHSjbYylfOH5WAGusDyni,YAH.,2017-04-14,kendrick lamar yah.
Kenny Chesney,212893.0,False,66pxmg3Jhjm09tHoWR1wVR,All the Pretty Girls,2017-04-28,kenny chesney all the pretty girls
Kenny Chesney,207306.0,False,2flWhcGYxQHhb1EeeU2dOL,Bar at the End of the World,2017-04-28,kenny chesney bar at the end of the world
Kenny Chesney,199625.0,False,6n6OQfBpCgzF9oEg8zhBN7,Get Along,2018-07-27,kenny chesney get along
Kesha,217546.0,False,1g1TeDflB6atAy7HKwrzXu,Learn To Let Go,2017-08-11,kesha learn to let go
Kesha,230266.0,False,0jdny0dhgjUwoIp5GkqEaA,Praying,2017-08-11,kesha praying
"Kesha, The Dap-Kings Horns",196360.0,True,1kJtfldK9F7XmsSiSNlbth,Woman,2017-08-11,kesha woman
Kevin Gates,205861.0,True,59XHPyb0MTMElZpkG0Wp69,Change Lanes,2018-05-16,kevin gates change lanes
Kevin Gates,195455.0,True,090R9OdFMbQQksvwuXmNEY,Let It Sing,2018-05-16,kevin gates let it sing
Khalid,219080.0,False,152lZdxL1OR0ZMW6KquMif,Location,2017-04-27,khalid location
"Khalid, Normani",201707.0,False,45Egmo7icyopuzJN0oMEdk,Love Lies (with Normani),2018-02-14,khalid love lies
"Khalid, Swae Lee",238893.0,True,5jyyPsIGM2yqkZN9R3TmvN,The Ways (with Swae Lee),2018-02-09,khalid the ways
Khalid,202546.0,False,5Z3GHaZ6ec9bsiI5BenrbY,Young Dumb & Broke,2017-04-27,khalid young dumb & broke
"Khalid, 6LACK, Ty Dolla $ign",263013.0,True,6Hgh47WXVKtXN5zGOu0hjI,OTW,2018-04-20,"khalid, ty dolla $ign otw"
Kip Moore,154706.0,False,73WWkaWkIRSP3MYGZ14aY4,More Girls Like You,2017-09-08,kip moore more girls like you
"Kodak Black, Lil Wayne",264531.0,True,4DTpngLjoHj5gFxEZFeD3J,Codeine Dreaming (feat. Lil Wayne),2017-11-24,kodak black codeine dreaming
"Kodak Black, Future",219753.0,True,16dXg2YuFOxwDC3cTf5jde,Conscience (feat. Future),2017-03-31,kodak black conscience
Kodak Black,186592.0,True,78AucGxdmVa4Bx6HwDPOS4,Everything 1k,2016-06-10,kodak black everything 1k
Kodak Black,180000.0,True,7AAnFzBtOlgoYceCQoLRUR,First Day Out,2017-06-16,kodak black first day out
Kodak Black,198109.0,True,0bXFIF7iL17TYLyx8JHziM,Patty Cake,2017-03-31,kodak black patty cake
"Kodak Black, XXXTENTACION",213132.0,True,40oKW22ZNNkEdZLJTScaQI,Roll In Peace (feat. XXXTENTACION),2017-08-18,kodak black roll in peace
Kodak Black,169344.0,True,1WIZiOuNO3woKfdlSK2gNn,Transportin',2017-08-18,kodak black transportin'
Kodak Black,268186.0,True,4Q3N4Ct4zCuIHuZ65E3BD4,Tunnel Vision,2017-03-31,kodak black tunnel vision
Kris Wu,228661.0,False,4caEPudXQ1xDd1garjHPFv,Like That,2018-05-18,kris wu like that
"Kygo, Imagine Dragons",193320.0,False,0WVAQaxrT0wsGEG4BCVSn2,Born To Be Yours,2018-06-15,kygo born to be yours
"Kygo, Ellie Goulding",193511.0,False,2Gl0FzuLxflY6nPifJp5Dr,First Time,2017-04-28,kygo first time
LANCO,222573.0,False,2yQZwi1P8AkkxxFhQ8rMEK,Greatest Love Story,2018-01-19,lanco greatest love story
Lady Antebellum,181000.0,False,1dFLowBW25EaL2OC7eKEa2,You Look Good,2017-06-09,lady antebellum you look good
Lady Gaga,294573.0,True,5P5cGNzqh6A353N3ShDK6Y,Bad Romance,2009,lady gaga bad romance
Lady Gaga,205280.0,False,7dZ1Odmx9jWIweQSatnRqo,Million Reasons,2016-10-21,lady gaga million reasons
Lady Gaga,211363.0,False,34oB5r0lcN3fYWCs2uA1k5,The Cure,2017-04-16,lady gaga the cure
Lana Del Rey,272742.0,False,2Kerz9H9IejzeIpjhDJoYG,Love,2017-07-21,lana del rey love
Lana Del Rey,272742.0,False,2Kerz9H9IejzeIpjhDJoYG,Love,2017-07-21,lana del rey lust for life
Lauren Alaina,216266.0,False,4nxgA1nvXvTkmsBY0vJV57,Road Less Traveled,2017-01-27,lauren alaina road less traveled
Lauren Duski,187823.0,False,4xTNksNuXORn62bGXsGZXd,Deja Vu - The Voice Performance,2017-05-24,lauren duski deja vu
Lauren Duski,212757.0,False,6cl1vl6OU6RLr1C56wOn21,Ghost In This House - The Voice Performance,2017-05-24,lauren duski ghost in this house
Lauren Duski,210732.0,False,1HQtmjBwA4257dxNTvG5Rt,The Dance - The Voice Performance,2017-05-24,lauren duski the dance
Lauv,197436.0,False,1wjzFQodRWrPcQ0AnYnvQ9,I Like Me Better,2017-05-19,lauv i like me better
Lee Brice,198973.0,False,7A8OfzqXBHYGk61FZTHoeo,Boy,2017-11-03,lee brice boy
Liam Payne,188346.0,False,1OG4nxGMy72EklX2DwcN3Z,Bedroom Floor,2017-10-20,liam payne bedroom floor
"Liam Payne, Rita Ora",244600.0,False,1YQPmgqj0dhqOcrkfuHHKj,For You (Fifty Shades Freed),2018-11-23,liam payne for you (fifty shades freed)
"Liam Payne, Quavo",204502.0,False,4Ro98RCK90oHqqSZUnTFq5,Strip That Down,2017-05-18,liam payne strip that down
"Lil Baby, Gunna, Lil Uzi Vert",247054.0,True,2bSk87AVkCIIC3Bcligq1z,Life Goes On,2018-05-18,lil baby life goes on
"Quality Control, Lil Baby, Kodak Black, Quavo, Moneybagg Yo",317701.0,True,49K3jbwZmZKaDGTfjpIVg0,My Dawg,2017-12-08,lil baby my dawg
Lil Baby,173437.0,True,5lf3ajySox32qFvGEf2TFM,Southside,2018-05-18,lil baby southside
"Lil Baby, Drake",142273.0,True,6vN77lE9LK6HP2DewaN6HZ,Yes Indeed,2018-05-18,lil baby yes indeed
"Lil Dicky, Chris Brown",216631.0,True,10Igtw8bSDyyFs7KIsKngZ,Freaky Friday (feat. Chris Brown),2018-03-15,lil dicky freaky friday
"Lil Peep, Lil Tracy",214426.0,True,7Hr2XoaGpIMKbNXCZDZ3le,Awful Things,2017-08-15,lil peep awful things
Lil Pump,181714.0,True,44KKhCyI0BGS6LvVyDqJtH,Esskeetit,2018-04-13,lil pump esskeetit
Lil Pump,124055.0,True,43ZyHQITOjhciSUUNPVRHc,Gucci Gang,2017-10-06,lil pump gucci gang
"Lil Skies, Yung Pinch",211200.0,True,5Cg98kiDYtCEHmjcKD0CJD,I Know You (feat. Yung Pinch),2018-05-31,lil skies i know you
Lil Skies,156000.0,True,7oJrVhiTPZGBXWPwhxjy9S,Lust,2017-12-12,lil skies lust
"Lil Skies, Landon Cube",203907.0,True,689uBlyIufk2LUhAwjny4w,Nowadays (feat. Landon Cube),2017-12-20,lil skies nowadays
"Lil Skies, Landon Cube",262544.0,True,3ZhTT6yjZwpPph5MIJ53XY,Red Roses (feat. Landon Cube),2017-12-12,lil skies red roses
Lil Uzi Vert,247347.0,True,1QgTBfRN5m81a5K01qens6,444+222,2017-08-25,lil uzi vert 444+222
Lil Uzi Vert,173419.0,True,2ZdCrBA52bb4pIG3tOOZiQ,Dark Queen,2017-08-25,lil uzi vert dark queen
Lil Uzi Vert,177048.0,True,3tcoEYOZUHKB3RKNByIN13,For Real,2017-08-25,lil uzi vert for real
"Lil Uzi Vert, Pharrell Williams",258789.0,True,1MJErNPIQUoEMu4YUUmecm,Neon Guts (feat. Pharrell Williams),2017-08-25,lil uzi vert neon guts
Lil Uzi Vert,189229.0,True,0QV16pno66L6K3fn4W13b7,No Sleep Leak,2017-08-25,lil uzi vert no sleep leak
Lil Uzi Vert,207038.0,True,1uL78kFWxhz3umTMWJu8n5,Sauce It Up,2017-08-25,lil uzi vert sauce it up
"Lil Uzi Vert, Oh Wonder",221746.0,True,2eAZfqOm4EnOF9VvN50Tyc,The Way Life Goes (feat. Oh Wonder),2017-08-25,lil uzi vert the way life goes
Lil Uzi Vert,182706.0,True,7GX5flRQZVHRAGd6B4TmDO,XO TOUR Llif3,2017-08-25,lil uzi vert two
"Lil Uzi Vert, The Weeknd",190355.0,True,5O8x1YlmLQopQHErxtDfi9,UnFazed (feat. The Weeknd),2017-08-25,lil uzi vert unfazed
Lil Uzi Vert,173797.0,True,5tRmoZRoupvMYPV1oezFrH,X,2017-08-25,lil uzi vert x
Lil Uzi Vert,182706.0,True,7GX5flRQZVHRAGd6B4TmDO,XO TOUR Llif3,2017-08-25,lil uzi vert xo tour llif3
Lil Xan,187173.0,True,4vaxvNDaLSoD36iZX515ug,Betrayed,2018-04-06,lil xan betrayed
"Lil Yachty, Trippie Redd",153474.0,True,6tarvNiKnEjYMj1VZhlDqR,66,2018-03-09,lil yachty 66
"Lil Yachty, Ugly God",229525.0,True,2PsZsnqSMXt4oKi0xHVvgF,BOOM!,2018-03-09,lil yachty boom!
"Lil Yachty, YoungBoy Never Broke Again",139845.0,True,6K2anECyrckidwf5wxS78Q,NBAYOUNGBOAT,2018-03-09,lil yachty nbayoungboat
"Lil Yachty, Migos",247612.0,True,1iTWoKAdilGEmit6xhQZje,Peek A Boo,2017-04-13,lil yachty peek a boo
"Lin-Manuel Miranda, Alex Lacamoire, Ana Villafañe, Anthony Ramos, Camila Cabello, Dessa, Ednita Nazario, Fat Joe, Gilberto Santa Rosa, Gina Rodriguez, Gloria Estefan, Jennifer Lopez, Joell Ortiz, John Leguizamo, Juan Luis Guerra 4.40, Luis Fonsi, Marc Anthony, Pj Sin Suela, Pedro Capó, Rita Moreno, Rubén Blades, Tommy Torres",200457.0,False,3dskm5fAe8OkBtM9E0VVWx,Almost Like Praying (feat. Artists for Puerto Rico),2017-10-06,lin-manuel miranda almost like praying
"Ben Platt, Lin-Manuel Miranda",179242.0,False,0ileL1L3Vtpf5VZ5RQZ94m,Found/Tonight,2018-03-19,lin-manuel miranda found / tonight
"Linkin Park, Kiiara",169800.0,True,104buTcnP2AsxqB7U1FIZ4,Heavy (feat. Kiiara),2017-05-19,linkin park heavy
Linkin Park,216933.0,False,60a0Rd6pjrkxjPbaKzXjfq,In The End,2000-10-24,linkin park in the end
Linkin Park,185586.0,False,2nLtzopw4rPReszdYBJU6h,Numb,2003-03-24,linkin park numb
Little Big Town,260933.0,False,0jMikeoKkkSOby4ofddqYs,Better Man,2016-10-20,little big town better man
"Logic, Alessia Cara, Khalid",250173.0,True,5tz69p7tJuGPeMGwNTxYuV,1-800-273-8255,2017-05-05,logic 1-800-273-8255
Logic,188600.0,True,3e7Y6sfFlIdBMJhX7wpqVO,44 More,2018-03-09,logic 44 more
"Logic, Damian Lemar Hudson",331266.0,True,7BKUWh5sdtdS17crohRe4L,Black SpiderMan,2017-05-05,logic black spiderman
Logic,221360.0,True,4fZxGiES1FKbNqJPrI4L3s,BoomTrap Protocol,2018-03-09,logic boomtrap protocol
Logic,217146.0,True,7u90MSvVyEjL0c8icaE7jl,Contra,2018-03-09,logic contra
"Logic, Alessia Cara, Khalid",250173.0,True,5tz69p7tJuGPeMGwNTxYuV,1-800-273-8255,2017-05-05,logic everybody
"Logic, Marshmello",204746.0,True,4EAV2cKiqKP5UPZmY6dejk,Everyday,2018-03-09,logic everyday
"Logic, Wiz Khalifa",260320.0,True,0jqBo5RYn008f4ZY8kPewW,Indica Badu,2018-03-09,logic indica badu
Logic,241426.0,True,1GtVGc1UYin3zpMUdNSSpM,Midnight,2018-03-09,logic midnight
Logic,217560.0,True,3s3VVLE1kB7Xk2AoJKlGmr,Overnight,2018-03-09,logic overnight
"Logic, Young Sinatra",240093.0,True,3W4JFzOQdo5J2Wgt9DFg24,Warm It Up,2018-03-09,logic warm it up
"Logic, Big Sean",219480.0,True,5KVciTEfXvpcFHR3RFbtJy,Wassup,2018-03-09,logic wassup
Logic,173693.0,True,0D5CXSUx8GOCHSY8KWgi9h,Yuck,2018-03-09,logic yuck
Lord Huron,208226.0,False,0QZ5yyl6B6utIWkxeBDxQN,The Night We Met,2015-04-07,lord huron the night we met
Lorde,234652.0,False,6ie2Bw3xLj2JcGowOlcMhb,Green Light,2017-06-16,lorde green light
"Lorde, Khalid, Post Malone, SZA",214254.0,True,5u64RlrnvvbtNh6R0EMh6o,Homemade Dynamite - REMIX,2017-11-10,lorde homemade dynamite
Lorde,171727.0,False,6Kkt27YmFyIFrcX3QXFi2o,Liability,2017-06-16,lorde liability
Loren Allred,207786.0,False,0Gl5s8IhMmQE5YQwM8Qx1J,Never Enough,2017-12-08,loren allred never enough
"Louis Tomlinson, Bebe Rexha, Digital Farm Animals",190427.0,True,7F9vK8hNFMml4GtHsaXui6,Back to You (feat. Bebe Rexha & Digital Farm Animals),2017-07-21,louis tomlinson back to you
"Luis Fonsi, Daddy Yankee, Justin Bieber",228826.0,False,6rPO02ozF3bM7NnOV4h6s2,Despacito - Remix,2017-04-17,luis fonsi despacito
"Luis Fonsi, Demi Lovato",173720.0,False,2hl6q70unbviGo3g1R7uFx,Échame La Culpa,2017-11-17,luis fonsi echame la culpa
Luke Bryan,206213.0,False,2gYiCTytrSRtuaHP1Nac6u,Fast,2015-08-07,luke bryan fast
Luke Bryan,177305.0,False,5w3NgfV8v1nNZFLUBlGHIL,Light It Up,2017-12-08,luke bryan light it up
Luke Bryan,221800.0,False,79LAFAkR1ATb4iIQvZuCL0,Most People Are Good,2017-12-08,luke bryan most people are good
Luke Bryan,216093.0,False,53yTYusPQJ1AApL1hi0Dnc,"Sunrise, Sunburn, Sunset",2017-12-08,"luke bryan sunrise, sunburn, sunset"
Luke Combs,193200.0,False,2rxQMGVafnNaRaXlRMWPde,Beautiful Crazy,2018-06-01,luke combs beautiful crazy
Luke Combs,222533.0,False,6xHI9KjUjYT0FPtGO8Mxa1,Hurricane,2017-06-02,luke combs hurricane
Luke Combs,198880.0,False,6ojicjDYUUoeE1tdSvfFo4,Must've Never Met You,2018-06-01,luke combs must've never met you
Luke Combs,221800.0,False,4gB7HrYHbJVJ5RFOjxmoq4,One Number Away,2017-06-02,luke combs one number away
Luke Combs,240760.0,False,1mMLMZYXkMueg65jRRWG1l,When It Rains It Pours,2017-06-02,luke combs when it rains it pours
MAX,223846.0,False,5A6BJLZArq1MPjsnmcuk5f,Lights Down Low,2016-04-08,max lights down low
"Machine Gun Kelly, Hailee Steinfeld",199973.0,False,77lGafvlU68CeHgB2pkHC9,At My Best (feat. Hailee Steinfeld),2017-05-12,machine gun kelly at my best
Jason Gordon,243597.0,False,3XjqLgDutxuGWZlZU1yisE,Bad Things - (Machine Gun Kelly x Camila Cabello x Cover Version),2017-01-25,machine gun kelly x camila cabello bad things
"Machine Gun Kelly, X Ambassadors, Bebe Rexha",202804.0,False,0OI7AFifLSoGzpb8bdBLLV,"Home (with Machine Gun Kelly, X Ambassadors & Bebe Rexha)",2017-11-18,"machine gun kelly, x ambassadors home"
"Macklemore, Skylar Grey",220454.0,True,0CokSRCu5hZgPxcZBaEzVE,Glorious (feat. Skylar Grey),2017-09-22,macklemore glorious
"Macklemore, Kesha",240506.0,False,2Za1AlJNvksouPPWbXpR2X,Good Old Days (feat. Kesha),2017-09-22,macklemore good old days
"Major Lazer, Travis Scott, Camila Cabello, Quavo",225849.0,False,6BKeNWeUqxmvQ09Gxd3ZGX,Know No Better,2017-06-01,major lazer know no better
"Major Lazer, PARTYNEXTDOOR, Nicki Minaj",203180.0,True,0SujigeT7cxuxBfhN3eOcp,Run Up,2017-01-26,major lazer run up
Maluma,230000.0,False,1RouRzlg8OKFeqc6LvdxmB,Felices los 4,2018-05-18,maluma felices los 4
Maren Morris,211767.0,False,58spuRyMUsjKHQHEGwLC99,80s Mercedes,2017-03-17,maren morris 80s mercedes
"Maren Morris, Vince Gill",220387.0,False,7zOoHxDt1duHL8czY7o7ab,Dear Hate,2017-10-03,maren morris dear hate
Maren Morris,196421.0,False,09iyGiljLWRYXdRazFkdtJ,I Could Use a Love Song,2017-03-17,maren morris i could use a love song
Mariah Carey,241106.0,False,0bYg9bo50gSsH3LtXe2SQn,All I Want for Christmas Is You,1994,mariah carey all i want for christmas is you
Mariah Carey,288826.0,False,1hFtJ5rV3aAm58ErijHdFO,I Don't Wanna Cry,1990-06-12,mariah carey i don't
Marian Hill,197773.0,False,5eCkuGPZNl4mISFNPgr3Dd,Down,2016-06-24,marian hill down
"Maroon 5, Future",234308.0,True,7gwLQ4tZ5UdZ7qNcDyJ8wr,Cold (feat. Future),2018-06-15,maroon 5 cold
"Maroon 5, Kendrick Lamar",214265.0,False,1nueTG77MzNkJTKQ0ZdGzT,Don't Wanna Know (feat. Kendrick Lamar),2018-06-15,maroon 5 don't wanna know
"Maroon 5, Cardi B",235545.0,True,6FRLCMO5TUHTexlWo8ym1W,Girls Like You (feat. Cardi B),2018-05-30,maroon 5 girls like you
Maroon 5,190642.0,False,6AvfZXpbb6r35DfF7gHPRq,Wait,2018-06-15,maroon 5 wait
"Maroon 5, SZA",199849.0,False,2j5hsQvApottzvTn4pFJWF,What Lovers Do (feat. SZA),2018-06-15,maroon 5 what lovers do
Marshmello,273802.0,False,12mGwph2YzDIlChtq3EdXP,Alone,2016-05-13,marshmello alone
"Marshmello, Anne-Marie",202620.0,True,08bNPGLD8AhKpnnERrAc6G,FRIENDS,2018-02-09,marshmello friends
"Marshmello, Khalid",180822.0,False,7vGuf3Y35N4wmASOKLUVVU,Silence,2017-08-11,marshmello silence
"Martin Garrix, Khalid",216419.0,False,3nc420PXjTdBV5TN0gCFkS,Ocean (feat. Khalid),2018-06-15,martin garrix ocean
"Martin Garrix, Dua Lipa",220883.0,False,3ebXMykcMXOcLeJ9xZ17XH,Scared to Be Lonely,2017-01-27,martin garrix scared to be lonely
Mason Ramsey,192520.0,False,1lasE4yXQmZ5mwWdGQGn8E,Famous,2018-07-20,mason ramsey famous
Meek Mill,282666.0,True,7sLDnUauivS2vN6Z9EfUJT,1942 Flows,2017-07-21,meek mill 1942 flows
"Meek Mill, Lil Uzi Vert",257853.0,False,7KmguHS8eVmZOpdpg0gnv2,F**k That Check Up (feat. Lil Uzi Vert),2017-07-21,meek mill f**k that check up
Meek Mill,250466.0,True,1QiwdLAzAnzmiwvoGMXM7b,Heavy Heart,2017-08-04,meek mill heavy heart
Meek Mill,211684.0,True,1GOuHB20lqVyxv3GdxovPY,Issues,2017-07-21,meek mill issues
"Meek Mill, Young Thug",227956.0,True,4iDtAYDLJWM2TrTERKPvFq,We Ball (feat. Young Thug),2017-08-04,meek mill we ball
"Meek Mill, Chris Brown, Ty Dolla $ign",205373.0,True,6yMxfx9wpiuhhdb8vHDVMu,Whatever You Need (feat. Chris Brown & Ty Dolla $ign),2017-07-21,meek mill whatever you need
"Meek Mill, Chris Brown, Ty Dolla $ign",205373.0,True,6yMxfx9wpiuhhdb8vHDVMu,Whatever You Need (feat. Chris Brown & Ty Dolla $ign),2017-07-21,meek mill wins & losses
Meghan Trainor,152862.0,False,7fCNUWi6uflDTQ08srxMZk,NO EXCUSES,2018-03-01,meghan trainor no excuses
"Metro Boomin, Offset, Drake",261733.0,True,6kig1UFggPUyZBCvXD3Wod,No Complaints,2017-06-23,metro boomin no complaints
Michael Ray,176986.0,False,4JjIIBNoho0V2gZjH4nEzR,Think A Little Less,2015-08-07,michael ray think a little less
Midland,220800.0,False,1vBpwxsLVwaR4evBIaFmqD,Drinkin' Problem,2017-09-22,midland drinkin' problem
Migos,287992.0,True,4Kw3CztmD15X1QGDnnHmLD,Auto Pilot,2018-01-26,migos auto pilot
"Migos, 21 Savage",251858.0,True,4BHzHISX21PYwGXiBEUQ70,BBO (Bad Bitches Only),2018-01-26,migos bbo (bad bitches only)
"Migos, Lil Uzi Vert",343150.0,True,4Km5HrUvYTaSUfiSGPJeQR,Bad and Boujee (feat. Lil Uzi Vert),2017-01-27,migos bad and boujee
"Migos, Gucci Mane",259340.0,True,35ffVv9x4mtzBh5rF1K9sP,CC,2018-01-26,migos cc
Migos,232705.0,True,0jOfl1nZf6sVBTG08Q4brn,Call Casting,2017-01-27,migos call casting
"Migos, Drake",276147.0,True,6n4U3TlzUGhdSFbUUhTvLP,Walk It Talk It,2018-01-26,migos culture
"Migos, Marshmello",214586.0,True,0nhVrTiCGiGRCoZOJiWzm1,Danger (with Migos & Marshmello),2017-12-08,migos danger
Migos,315185.0,True,0G9rmRmQDFk9O2tzZLyRkc,Emoji A Chain,2018-01-26,migos emoji a chain
Migos,181318.0,True,6RKkHI2fkmgZq7uQPPav8f,Gang Gang,2018-01-26,migos gang gang
Migos,257545.0,True,76Y0gxtTxN0FyDCYh5qYQj,Get Right Witcha,2017-01-27,migos get right witcha
Migos,255849.0,True,43dOwOq0mB4i6j4SpcSkqC,Higher We Go - Intro,2018-01-26,migos higher we go (intro)
"Migos, Travis Scott",363934.0,True,204U3zjm9kkzX25Pr4Rdld,Kelly Price (feat. Travis Scott),2017-01-27,migos kelly price
Migos,255378.0,True,0wbnC9AUenxp613TYaJsGK,Narcos,2018-01-26,migos narcos
"Migos, Post Malone",233880.0,True,3OnOomd79OjqSYHchCQ6ht,Notice Me,2018-01-26,migos notice me
"Migos, Gucci Mane",304041.0,True,6p8NuHm8uCGnn2Dtbtf7zE,Slippery (feat. Gucci Mane),2017-01-27,migos slippery
Migos,190288.0,True,2UVbBKQOdFAekPTRsnkzcf,Stir Fry,2018-01-26,migos stir fry
Migos,293137.0,True,7yt6eiZQCkVFEzwGp4Pbor,Supastars,2018-01-26,migos supastars
Migos,242407.0,True,7KOlJ92bu51cltsD9KU5I7,T-Shirt,2017-01-27,migos t-shirt
"Migos, Drake",276147.0,True,6n4U3TlzUGhdSFbUUhTvLP,Walk It Talk It,2018-01-26,migos walk it talk it
"Migos, Travis Scott, Ty Dolla $ign, Big Sean",202834.0,True,2KokOIKdw4zZutDil85Ugh,White Sand,2018-01-26,migos white sand
"Migos, Nicki Minaj, Cardi B",303076.0,True,4wFjTWCunQFKtukqrNijEt,MotorSport,2018-01-26,"migos, nicki minaj motorsport"
"Miguel, Travis Scott",259333.0,True,5WoaF1B5XIEnWfmb5NZikf,Sky Walker (feat. Travis Scott),2017-12-01,miguel sky walker
Miley Cyrus,231906.0,False,1UZOjK1BwmwWU14Erba9CZ,Malibu,2017-09-29,miley cyrus malibu
Miley Cyrus,231906.0,False,1UZOjK1BwmwWU14Erba9CZ,Malibu,2017-09-29,miley cyrus younger now
Miranda Lambert,259279.0,False,4ckQIgBy1gVeevf7UAereE,Tin Man,2016-11-18,miranda lambert tin man
"Missy Elliott, Lamb",213120.0,True,2Kf9fwIOwZwd6Aw7OxfkF0,I'm Better (feat. Lamb),2017-01-27,missy elliott i'm better
Morgan Evans,213183.0,False,4f3fb3alVLFc8Ga4ncpg7x,Kiss Somebody,2018-10-12,morgan evans kiss somebody
"Morgan Wallen, Florida Georgia Line",198120.0,False,3EWMoDIm6lzuR0zQKtuCJX,Up Down (feat. Florida Georgia Line),2018-04-27,morgan wallen up down
"N.E.R.D, Rihanna, Pharrell Williams",219706.0,True,4PpuH4mxL0rD35mOWaLoKS,Lemon,2017-12-15,n*e*r*d lemon
"NAV, Travis Scott",195053.0,True,6nO3tr47nr2P7f3hXb8JIo,Champion (feat. Travis Scott),2018-05-18,nav champion
"NAV, Lil Uzi Vert",228080.0,True,790MhTXPFrYkrqCKvpg4t1,Wanted You (feat. Lil Uzi Vert),2017-11-03,nav wanted you
NF,212120.0,False,52okn5MNA47tk87PeZJLEL,Let You Down,2017-10-06,nf let you down
NF,183826.0,False,7hdw5gAGMyyn9z0XgfTv1j,NO NAME,2018-01-19,nf no name
Nat King Cole,192160.0,False,4PS1e8f2LvuTFgUs1Cn3ON,The Christmas Song (Merry Christmas To You),1962,nat king cole the christmas song (merry christmas to you)
Hit The Button Karaoke,231375.0,False,08Zs7WozVFhEKiD7yrHwYq,Criminal (Originally Performed by Natti Natasha X Ozuna) - Karaoke Instrumental Version,2018-02-15,natti natasha x ozuna criminal
Niall Horan,188174.0,False,2cOUlop2ZakjOKe4WinesN,Slow Hands,2017-10-20,niall horan slow hands
Niall Horan,232852.0,False,0qvzXomUDJVaUboy2wMfiS,This Town,2017-10-20,niall horan this town
Niall Horan,223043.0,True,39jXnbACjiaiTwwhsr5sY5,Too Much To Ask,2017-10-20,niall horan too much to ask
"Nick Jonas, Nicki Minaj",214760.0,False,4PxDHEEyHgYC6NUgqMtDFy,Bom Bidi Bom,2017-02-10,nick jonas bom bidi bom
Nicki Minaj,191699.0,True,2qsQ8eVDPmobZpvDxQCVQu,Barbie Tingz,2018-04-12,nicki minaj barbie tingz
"Nicki Minaj, Ariana Grande",189533.0,True,3L4GsGLgxpHieVQH86H8bv,Bed (feat. Ariana Grande),2018-08-10,nicki minaj bed
"Nicki Minaj, Lil Wayne",295653.0,True,63NTlJWNS65JjsE3QJYr20,Changed It,2017-03-09,nicki minaj changed it
Nicki Minaj,191600.0,True,1e4rwBPVI32vZtTJu7mJ4J,Chun-Li,2018-08-10,nicki minaj chun-li
Nicki Minaj,229573.0,True,0j8zLbIueSkVqB3Tl6PsjA,Regret In Your Tears,2017-03-09,nicki minaj regret in your tears
"Nicki Minaj, Lil Wayne",192600.0,True,2D1MK9oaxy7axXggy3iVbp,Rich Sex (feat. Lil Wayne),2018-08-10,nicki minaj rich sex
"Nicki Minaj, Drake, Lil Wayne",272453.0,True,7KcGEssn7BnJdTgildK5y0,No Frauds,2017-03-10,"nicki minaj, drake no frauds"
Nicky Jam,219506.0,False,3umS4y3uQDkqekNjVpiRUs,El Amante,2017-01-20,nicky jam el amante
"Nicky Jam, J Balvin",173627.0,False,39N9RPD9MRb5WmoLzNzPeA,X,2018-03-02,nicky jam x j balvin x
"Noah Cyrus, Labrinth",242081.0,False,2BrzlUj1u1CtvaJDGIKpsP,Make Me (Cry),2016-11-15,noah cyrus make me (cry)
"Offset, Metro Boomin",147986.0,True,7LAhKXDNWwq3CmnFP3UIOP,Nightmare,2017-10-30,offset nightmare
"Offset, Metro Boomin",172800.0,True,7sO5G9EABYOXQKNPNiE9NR,Ric Flair Drip (& Metro Boomin),2017-10-30,offset ric flair drip
Old Dominion,166573.0,False,33471tzU1VghDg9zNgGRpz,Hotel Key,2017-08-25,old dominion hotel key
Old Dominion,176893.0,False,0OlS52TmtK2gPaEtdmr7DN,No Such Thing as a Broken Heart,2017-08-25,old dominion no such thing as a broken heart
Old Dominion,184080.0,False,2A69wys3S9uiPSmn6UZWJn,Written in the Sand,2017-08-25,old dominion written in the sand
"Ozuna, Romeo Santos",258000.0,False,7uYgVgRSgqluZclLS7wpp4,El Farsante - Remix,2018-01-30,ozuna el farsante
P!nk,269600.0,False,0Qh38w01QRXK6KHIv0e3hb,What About Us,2017-10-13,p!nk beautiful trauma
P!nk,269600.0,False,0Qh38w01QRXK6KHIv0e3hb,What About Us,2017-10-13,p!nk what about us
PARTYNEXTDOOR,202661.0,False,4STaHtfguDMkWbPEo6Fwcx,Not Nice,2016-08-12,partynextdoor not nice
Panic! At The Disco,190946.0,False,1rqqCSm0Qe4I9rUvWncaom,High Hopes,2018-06-22,panic! at the disco high hopes
Panic! At The Disco,189186.0,False,76vMKwFtdDDCLcM6zXybjB,Say Amen (Saturday Night),2018-06-22,panic! at the disco say amen (saturday night)
Paramore,182693.0,False,0w5Bdu51Ka25Pf3hojsKHh,Hard Times,2017-05-12,paramore hard times
"Pharrell Williams, Camila Cabello",202853.0,False,6XlSyYFTU1nodeWwwzVgTV,Sangria Wine,2018-05-18,pharrell williams x camila cabello sangria wine
Playboi Carti,181812.0,True,1e1JKLEDKP7hEQzJfNAgPl,Magnolia,2017-04-14,playboi carti magnolia
"Playboi Carti, Lil Uzi Vert",153800.0,True,2BJSMvOGABRxokHKB0OI8i,Shoota (feat. Lil Uzi Vert),2018-05-11,playboi carti shoota
"Playboi Carti, Lil Uzi Vert",235535.0,True,59J5nzL1KniFHnU120dQzt,wokeuplikethis*,2017-04-14,playboi carti wokeuplikethis*
"Plies, Kodak Black",231673.0,True,1fnRwgZLgAYMM1dVL1oqwG,Real Hitta (feat. Kodak Black),2017-05-12,plies real hitta
Plies,174653.0,True,0QVISdPWRllAmoDBG3DEHU,Rock,2018-03-16,plies rock
PnB Rock,245604.0,True,2xbI8Vmyv3TkpTdywpPyNw,Selfish,2017-01-13,pnb rock selfish
Portugal. The Man,163253.0,False,6QgjcU0zLnzq5OrUoSZ3OK,Feel It Still,2017-06-16,portugal. the man feel it still
Post Malone,211426.0,True,1D2L6MefbXon28PzIk9I3r,92 Explorer,2018-04-27,post malone 92 explorer
"Post Malone, Nicki Minaj",206266.0,True,6IaieqiCVvsNvEt6Y7yOFa,Ball For Me (feat. Nicki Minaj),2018-04-27,post malone ball for me
Post Malone,231266.0,True,7dt6x5M1jzdTEt8oCbisTK,Better Now,2018-04-27,post malone better now
Post Malone,261800.0,False,1ZemPoaj7LBj1RAQrb89EC,Blame It On Me,2018-04-27,post malone blame it on me
Post Malone,227533.0,True,32lItqlMi4LBhb4k0BaSaC,Candy Paint,2018-04-27,post malone candy paint
"Post Malone, Quavo",220293.0,True,3a1lNhkSLSkpJE4MSHpDu9,Congratulations,2016-12-09,post malone congratulations
Post Malone,179613.0,True,5yuShbu70mtHXY0yLzCQLQ,Go Flex,2016-12-09,post malone go flex
Post Malone,223346.0,True,75ZvA4QfFiZvzhj2xkaWAh,I Fall Apart,2016-12-09,post malone i fall apart
Post Malone,112013.0,False,0R6Jlsq25eZB3Wftpxi3oF,Jonestown (Interlude),2018-04-27,post malone jonestown (interlude)
Post Malone,228226.0,True,4qWCFTuNnmGNdY4egtb4ZY,Otherside,2018-04-27,post malone otherside
Post Malone,246986.0,True,09IOPhEh1OMe0HD9b36FJk,Over Now,2018-04-27,post malone over now
Post Malone,221786.0,False,3fpVWegR6YOS1Yk5HSMYIq,Paranoid,2018-04-27,post malone paranoid
"Post Malone, Ty Dolla $ign",221440.0,True,3swc6WTsr7rl9DqQKQA55C,Psycho (feat. Ty Dolla $ign),2018-04-27,post malone psycho
Post Malone,206453.0,True,2VdT56BGpdqNHUgOe1j5vc,Rich & Sad,2018-04-27,post malone rich & sad
"Post Malone, 21 Savage",218146.0,True,0e7ipj03S05BNilyu5bRzt,rockstar (feat. 21 Savage),2018-04-27,post malone rockstar
"Post Malone, G-Eazy, YG",212466.0,True,688QpQAwqsLdBR6lr13wK1,Same Bitches (feat. G-Eazy & YG),2018-04-27,post malone same bitches
"Post Malone, Swae Lee",194560.0,True,5VuxWXbt7XENQCtE9TzpTv,Spoil My Night (feat. Swae Lee),2018-04-27,post malone spoil my night
Post Malone,204426.0,True,4H7WNRErSbONkM06blBoGc,Stay,2018-04-27,post malone stay
Post Malone,228146.0,True,0MrRAUcB8AZiB9ue2VOBYe,Sugar Wraith,2018-04-27,post malone sugar wraith
Post Malone,216746.0,True,5ffntNJnJOeFv7b7DCd0Bw,Takin' Shots,2018-04-27,post malone takin' shots
Post Malone,204360.0,True,5lZZmityu9TAjNvSY6GLhR,Zack And Codeine,2018-04-27,post malone zack and codeine
Pusha T,202120.0,True,6bGwKHXHNLmTy6yt147FPh,If You Know You Know,2018-05-25,pusha t if you know you know
Pusha T,170240.0,True,6cpsixIHI63L0hwh3CwZg3,Infrared,2018-05-25,pusha t infrared
Pusha T,166120.0,True,7iEoaTyBCqLaAwJnOP1BTn,The Games We Play,2018-05-25,pusha t the games we play
"Pusha T, Kanye West",153266.0,True,5vnuJ8EopkP5dHukpOmT3L,What Would Meek Do?,2018-05-25,pusha t what would meek do?
"Quality Control, Quavo, Lil Yachty",213613.0,True,3wdfLVUhmX64lIyWIIEW8s,Ice Tray,2017-12-08,quavo ice tray
Queen Naija,176075.0,False,3qmm9AdG0TnShv0drgXNIQ,Karma,2018-06-29,queen naija karma
Queen Naija,219135.0,False,4lFfMRH0YH4pW5gczTDbNC,Medicine,2018-06-08,queen naija medicine
"Rae Sremmurd, Gucci Mane",291893.0,True,6fujklziTHa8uoM5OQSfIo,Black Beatles,2016-08-12,rae sremmurd black beatles
"Rae Sremmurd, Swae Lee, Slim Jxmmi, Travis Scott",193510.0,True,1oUudyBYVGMIC8JXeIsFzq,CLOSE (feat. Travis Scott) - From SR3MM,2018-05-04,rae sremmurd close
"Rae Sremmurd, Swae Lee, Slim Jxmmi",204787.0,True,1ung2kajpw24AaHjBtPY3j,Perplexing Pegasus - From SR3MM,2018-05-04,rae sremmurd perplexing pegasus
"Rae Sremmurd, Swae Lee, Slim Jxmmi, Juicy J",332300.0,True,1BuZAIO8WZpavWVbbq3Lci,Powerglide (feat. Juicy J) - From SR3MM,2018-05-04,rae sremmurd powerglide
Rae Sremmurd,208120.0,True,6mapJIPnQ23RTAevUoE0DL,Swang,2016-08-12,rae sremmurd swang
Rag'n'Bone Man,200186.0,False,58zsLZPvfflaiIbNWoA22O,Human,2017-02-10,rag'n'bone man human
Rascal Flatts,206826.0,False,4D4xJ4LyDXBWIf9thFSMAJ,Yours If You Want It,2017-05-19,rascal flatts yours if you want it
Red Marlow,213577.0,False,4cF4l5ShMLqMCFeabt8Xa6,I Pray - The Voice Performance,2017-12-20,red marlow i pray
"Reik, Ozuna, Wisin",221653.0,False,6jA8JUuPCGYjFcgw0AoM5T,Me Niego,2018-02-16,reik me niego
"Ricegum, Alissa Violet",155193.0,True,15Uxmx6D6hW0gY5kc7bpqU,Its Every Night Sis,2017-06-09,ricegum its every night sis
"Rich The Kid, Kendrick Lamar",191937.0,True,2EgB4n6XyBsuNUbuarr4eG,New Freezer (feat. Kendrick Lamar),2018-03-30,rich the kid new freezer
Rich The Kid,175229.0,True,1ZAyjvIk9YiD76yYy0TEG6,Plug Walk,2018-03-30,rich the kid plug walk
"Rick Ross, Young Thug, Wale",275720.0,True,1KZ0Xo6Mmeprp1Sw5xCHYz,Trap Trap Trap,2017-03-17,rick ross trap trap trap
Rihanna,224000.0,True,2aksifNn5ph8igDOkPBA02,Love On The Brain,2016-01-28,rihanna love on the brain
Rihanna,206400.0,True,6WAxKNbZoGNzQTIvdMqkFs,Sex With Me,2016-01-28,rihanna sex with me
"Romeo Santos, Daddy Yankee, Nicky Jam",204700.0,False,0ERbK7qVqveCaBWIiYCrl3,Bella y Sensual,2017-07-21,romeo santos bella y sensual
Romeo Santos,239823.0,False,6BdAwMv1YorLfkBWlE493X,Héroe Favorito,2017-07-21,romeo santos heroe favorito
Romeo Santos,234828.0,False,6r46lnXFbE9fr2d3KNaGbe,Imitadora,2017-07-21,romeo santos imitadora
Russ,237506.0,True,4cxMGhkinTocPSVVKWIw0d,Losin Control,2017-05-05,russ losin control
Russell Dickerson,216960.0,False,6RSNKGdv3nDTHqgw4bdzyF,Yours,2017-10-13,russell dickerson yours
SOB X RBE,219306.0,True,2tPcTFiQF9MbVUyjZ3zDhA,Paramedic!,2018-02-09,sob x rbe paramedic!
SZA,231253.0,True,2fXwCWkh6YG5zU1IyvQrbs,Broken Clocks,2017-06-09,sza broken clocks
"SZA, Travis Scott",275080.0,True,0q75NwOoFiARAVp4EXU4Bs,Love Galore (feat. Travis Scott),2017-06-09,sza love galore
SZA,272186.0,True,6gU9OKjOE7ghfEd55oRO57,The Weekend,2017-06-09,sza the weekend
Sage The Gemini,193181.0,False,08WPvDEsHvTFuB9w8tC2OS,Now and Later,2017-07-21,sage the gemini now & later
Sam Hunt,165386.0,False,7mldq42yDuxiUNn08nvzHO,Body Like A Back Road,2017-02-01,sam hunt body like a back road
Sam Hunt,213986.0,False,5eFfsbjSouG8qOpg9ZqDl6,Downtown's Dead,2018-05-16,sam hunt downtown's dead
Sam Smith,221595.0,True,59ljpSFcgtfWJKS3vqG27R,Pray,2017-11-03,sam smith pray
Sam Smith,201000.0,False,3VlbOrM6nYPprVvzBZllE5,Too Good At Goodbyes,2017-11-03,sam smith too good at goodbyes
"ScHoolboy Q, 2 Chainz, Saudi",267426.0,True,4LmAnpjlhWTahvRkYR8xJa,X (with 2 Chainz & Saudi),2018-02-09,"schoolboy q, 2 chainz x"
Scotty McCreery,238954.0,False,66IULVOTImQG2u0cJ3Ls04,Five More Minutes,2017-05-05,scotty mccreery five more minutes
Selena Gomez,207904.0,False,4hQ6UGyWQIGJmHSo0J88JW,Back To You - From 13 Reasons Why – Season 2 Soundtrack,2018-05-10,selena gomez back to you
Selena Gomez,214647.0,False,2fZQIJew3nkNe99s2PKzul,Bad Liar,2017-05-18,selena gomez bad liar
"Selena Gomez, Gucci Mane",186112.0,False,4lnAN2S1fcI0SjxEbksZVr,Fetish (feat. Gucci Mane),2017-07-13,selena gomez fetish
"Shakira, Maluma",195840.0,False,6mICuAdrwEjh6Y6lroV2Kg,Chantaje (feat. Maluma),2017-05-26,shakira chantaje
Shakira,226893.0,False,4qknM1pQz53QOyfDVTjcM9,Me Enamoré,2017-05-26,shakira me enamore
"Shakira, Nicky Jam",195213.0,False,70lnL3QaSOIIyMa2X9aVRL,Perro Fiel (feat. Nicky Jam),2017-05-26,shakira perro fiel
Shawn Mendes,211360.0,False,2QZ7WLBE8h2y1Y5Fb8RYbH,In My Blood,2018-05-25,shawn mendes in my blood
Shawn Mendes,201200.0,False,79esEXlqqmq0GPz0xQSZTV,Lost In Japan,2018-05-25,shawn mendes lost in japan
Shawn Mendes,208733.0,False,0AS63m1wHv9n4VVRizK6Hc,Mercy,2017-04-20,shawn mendes mercy
Shawn Mendes,199440.0,False,7JJmb5XwzOO8jgpou264Ml,There's Nothing Holdin' Me Back,2017-04-20,shawn mendes there's nothing holdin' me back
Shawn Mendes,187973.0,False,3QGsuHI8jO1Rx4JWLUh9jd,Treat You Better,2017-04-20,shawn mendes treat you better
"Shawn Mendes, Khalid",190866.0,False,1h0yImRPIVAjhhHeNVlTuC,Youth (feat. Khalid),2018-05-25,shawn mendes youth
Sia,211666.0,False,3S4px9f4lceWdKf0gWciFu,Cheap Thrills,2016-10-21,sia cheap thrills
Sia,252320.0,False,4S6fv0puLCsfYjyBTPDb9k,Helium,2017-02-10,sia helium
"Sia, Kendrick Lamar",210226.0,False,7xHWNBFm6ObGEQPaUxHuKO,The Greatest,2016-10-21,sia the greatest
"Sofi Tukker, NERVO, The Knocks, ALISA UENO",184880.0,True,6twQJ2KMwNzODCY0HzXP2E,"Best Friend (feat. NERVO, The Knocks & ALISA UENO)",2018-04-13,sofi tukker best friend
"Sofia Carson, Cameron Boyce, Booboo Stewart, Mitchell Hope",193792.0,False,1rM0CnyUiiw6A9CHJRXjZA,Chillin' Like a Villain,2017-07-21,"sofia carson, cameron boyce, booboo stewart chillin' like a villain"
"Starley, Ryan Riback",222040.0,False,2L6orAlH8tBhiFTumIfMyF,Call on Me - Ryan Riback Remix,2016-10-18,starley call on me
"Sugarland, Taylor Swift",215106.0,False,7fRruZ12gXGwBs0zXQ6e5V,Babe,2018-06-08,sugarland babe
"Rae Sremmurd, Swae Lee, Slim Jxmmi",256341.0,True,0TCnOEVeLQMXOUrpPlM7uY,Guatemala - From Swaecation,2018-05-04,swae lee guatemala
Tank,309120.0,True,2HWelwHQS4EdRqIycZOc3O,When We,2017-09-29,tank when we
Tay-K,140000.0,True,3wGXyJGsCf1myH5MooQIqE,The Race,2017-12-14,tay-k the race
Taylor Swift,208186.0,False,2yLa0QULdQr0qAIvVwN6B5,...Ready For It?,2017-11-10,taylor swift ...ready for it?
Taylor Swift,203506.0,False,1GwMQaZz6Au3QLDbjbMdme,Call It What You Want,2017-11-10,taylor swift call it what you want
Taylor Swift,232253.0,False,6NFyWDv5CjfwuzoCkw47Xf,Delicate,2017-11-10,taylor swift delicate
"Taylor Swift, Ed Sheeran, Future",244826.0,False,2x0WlnmfG39ZuDmstl9xfX,End Game,2017-11-10,taylor swift end game
Taylor Swift,209680.0,False,1ZY1PqizIl78geGM4xWlEA,Gorgeous,2017-11-10,taylor swift gorgeous
Taylor Swift,211853.0,False,1JbR9RDP3ogVNEWFgNXAjh,Look What You Made Me Do,2017-11-08,taylor swift look what you made me do
Tee Grizzley,254693.0,True,3muBQDekYAg7jm6hDu6R0Z,First Day Out,2017-04-07,tee grizzley first day out
The Carters,264853.0,False,0B08s1tLWCXoFmGP0vIubM,APES**T,2018-06-15,the carters apes**t
The Carters,244133.0,True,4F8V44j8cbjHnXjfW2HruU,BOSS,2018-06-16,the carters boss
The Carters,344293.0,True,0gu5B9dUOiLezdDjrLPCCV,FRIENDS,2018-06-16,the carters friends
The Carters,233680.0,True,44lusH2vzc4sRAwsooRhPh,NICE,2018-06-16,the carters nice
The Carters,285200.0,False,54vcvhmByc2BC4k9JDcQrj,SUMMER,2018-06-16,the carters summer
"The Chainsmokers, Halsey",244960.0,False,7BKLCZ1jbUBVqRi2FVlTVw,Closer,2016-07-29,the chainsmokers closer
"The Chainsmokers, Daya",208373.0,False,1i1fxkWeaMmKEB4T7zqbzK,Don't Let Me Down,2016-02-05,the chainsmokers don't let me down
The Chainsmokers,223466.0,False,6ufrOaf4v6Qady6GiIpQ0s,Everybody Hates Me,2018-12-14,the chainsmokers everybody hates me
The Chainsmokers,208000.0,False,6KjbNLbRjuoa8rEq5yNA6H,Honest,2017-04-07,the chainsmokers honest
The Chainsmokers,221520.0,False,15vzANxN8G9wWfwAJLLMCg,Paris,2017-01-13,the chainsmokers paris
"The Chainsmokers, Kelsea Ballerini",197946.0,False,4NBTZtAt1F13VvlSKe6KTl,This Feeling,2018-12-14,the chainsmokers sick boy
"The Chainsmokers, Coldplay",247160.0,False,6RUKPb4LETWmmr3iAEQktW,Something Just Like This,2017-04-07,the chainsmokers something just like this
The Chainsmokers,177573.0,True,0wfbD5rAksdXUzRvMfM3x5,The One,2017-04-07,the chainsmokers the one
The Revivalists,274093.0,False,2EWpa5XnAuSn0sIkSSIhYk,Wish I Knew You,2015-07-15,the revivalists wish i knew you
The Weeknd,228373.0,False,4MPTj8lMMvxLwT3EwuXFop,Call Out My Name,2018-03-30,the weeknd call out my name
"The Weeknd, Gesaffelstein",230026.0,True,13wNEvWmBsWaWVtiLPRIW5,Hurt You,2018-03-30,the weeknd hurt you
"The Weeknd, Daft Punk",269186.0,False,3dhjNA0jGA8vHBQ1VdD6vV,I Feel It Coming,2016-11-25,the weeknd i feel it coming
"The Weeknd, Gesaffelstein",241066.0,False,5rgnyXr2PXFWsAnPFew077,I Was Never There,2018-03-30,the weeknd i was never there
The Weeknd,249213.0,True,4F7A0DXBrmUAkp32uenhZt,Party Monster,2016-11-25,the weeknd party monster
"The Weeknd, Kendrick Lamar",211440.0,True,77UjLW8j5UAGAGVGhR5oUK,Pray For Me (with Kendrick Lamar),2018-02-09,the weeknd pray for me
The Weeknd,170573.0,True,26Fqtv4Aa7kyd1WWGHai6A,Privilege,2018-03-30,the weeknd privilege
The Weeknd,218880.0,True,37F0uwRSrdzkBiuj0D5UHI,Reminder,2016-11-25,the weeknd reminder
"The Weeknd, Daft Punk",230453.0,True,7MXVkk9YMctZqd1Srtv4MB,Starboy,2016-11-25,the weeknd starboy
The Weeknd,221106.0,False,4rv1ww0dUwFZcDVPqhcOcX,Try Me,2018-03-30,the weeknd try me
The Weeknd,220293.0,True,72TyiiduRmczEbDIEtKQdR,Wasted Times,2018-03-30,the weeknd wasted times
"Thomas Rhett, Maren Morris",223626.0,False,17hd4ptJCbsEeLj0auPcwy,Craving You,2017-09-07,thomas rhett craving you
Thomas Rhett,205453.0,False,0OWZFobGSIW9GrSlQ9C5pc,Marry Me,2017-09-08,thomas rhett life changes
Thomas Rhett,205453.0,False,0OWZFobGSIW9GrSlQ9C5pc,Marry Me,2017-09-08,thomas rhett marry me
Thomas Rhett,181200.0,False,63OQWdXMq0Pe6pRpWY5gO0,Star Of The Show,2016-10-28,thomas rhett star of the show
Thomas Rhett,157080.0,False,30MM5jWpUmOxtTNd9Ey5LZ,Unforgettable,2017-09-08,thomas rhett unforgettable
"Tim McGraw, Faith Hill",232160.0,False,421ebjYqaIXEG2KloTbXlH,Speak to a Girl,2017-11-17,tim mcgraw speak to a girl
"Tim McGraw, Faith Hill",225360.0,False,19P6cJstaoQJHtHW3HOGcg,The Rest of Our Life,2017-11-17,tim mcgraw the rest of our life
Train,243253.0,False,77hjM9bMmgfTGJXv14UFmi,Play That Song,2017-01-27,train play that song
Travis Scott,190557.0,False,2cYqizR4lgvp4Qu6IQ3qGN,BUTTERFLY EFFECT,2018-08-03,travis scott butterfly effect
Travis Scott,243836.0,True,6gBFPUFcJLzWGx4lenP6h2,goosebumps,2016-09-16,travis scott goosebumps
"Travis Scott, Lil Uzi Vert, Kanye West",217405.0,True,3DoBTwfr8yi2LN08SBpFkN,Watch (feat. Lil Uzi Vert & Kanye West),2018-05-04,travis scott watch
Trey Songz,229013.0,False,1HOUzEsetdIPSpAgRPhZQt,Nobody Else But You,2017-03-24,trey songz nobody else but you
"Trippie Redd, Travis Scott",256162.0,True,3YeJXuRSNS5FYwOsDu44kD,Dark Knight Dummo (Feat. Travis Scott),2017-12-05,trippie redd dark knight dummo
Troye Sivan,204726.0,False,4NiehSBQthimPzRsVeOgCT,My My My!,2018-08-31,troye sivan my my my!
"Tyga, Offset",232959.0,True,5IaHrVsrferBYDm0bDyABy,Taste (feat. Offset),2018-05-16,tyga taste
"Tyler, The Creator",151026.0,True,74ZovzRxHBvCq5yIwe8boh,OKRA,2018-03-30,"tyler, the creator okra"
"Tyler, The Creator, A$AP Rocky",205093.0,True,21yRtB6B8EMounImAfHRCP,Who Dat Boy,2017-07-21,"tyler, the creator who dat boy"
WALK THE MOON,261371.0,False,3yWsWi2PAo9s6elIhnywIS,One Foot,2017-09-22,walk the moon one foot
Walker Hayes,197840.0,False,6UsoV6X96Rox9mfxoz7SFy,You Broke Up with Me,2017-01-27,walker hayes you broke up with me
Weezer,238626.0,False,3ZPKocroJIcnHGcnJVlLKD,Africa,2019-01-24,weezer africa
Wham!,262960.0,False,2FRnf9qhLbvw8fu4IBXx78,Last Christmas,1984,wham! last christmas
"Wisin, Ozuna",232786.0,False,1KSqYYJFyfTecXFk9M0prc,Escápate Conmigo (feat. Ozuna),2017-12-01,wisin escapate conmigo
"Wiz Khalifa, Ty Dolla $ign",200773.0,True,6u8hSdYZxbK5EczDPRIXXf,Something New (feat. Ty Dolla $ign),2018-07-13,wiz khalifa something new
XXXTENTACION,129720.0,True,2yZax79pOrYuyIFVW2cZY2,Carry On,2017-08-25,xxxtentacion carry on
XXXTENTACION,121886.0,False,7AFASza1mXqntmGtbxXprO,changes,2018-03-16,xxxtentacion changes
XXXTENTACION,144733.0,True,2H3wWrnO758y0fPH7Ilerg,Depression & Obsession,2017-08-25,xxxtentacion depression & obsession
XXXTENTACION,95466.0,True,3GVkPk8mqxz0itaAriG1L7,Everybody Dies In Their Nightmares,2017-08-25,xxxtentacion everybody dies in their nightmares
XXXTENTACION,115194.0,True,7CkbRn6S0itJqcqn88AtSV,going down!,2018-03-16,xxxtentacion going down!
XXXTENTACION,110886.0,True,2ZRo7axmMPeSVUvDbGkJah,Hope,2018-03-16,xxxtentacion hope
"XXXTENTACION, Joey Bada$$",176590.0,True,7J2gyNghNTzl4EsLhXp01Q,infinity (888) - feat. Joey Bada$$,2018-03-16,xxxtentacion infinity (888)
XXXTENTACION,119133.0,True,7m9OqQk4RVRkw9JJdeAw96,Jocelyn Flores,2017-08-25,xxxtentacion jocelyn flores
XXXTENTACION,126345.0,True,7floNISpH8VF4z4459Qo18,Look At Me!,2017-02-20,xxxtentacion look at me!
XXXTENTACION,135090.0,True,0JP9xo3adEtGSdUEISiszL,Moonlight,2018-03-16,xxxtentacion moonlight
XXXTENTACION,186267.0,False,01TnVDiet1DFTsyWKUKovl,NUMB,2018-03-16,xxxtentacion numb
XXXTENTACION,120026.0,True,5TXDeTFVRVY7Cvt0Dw4vWW,Revenge,2017-08-25,xxxtentacion revenge
XXXTENTACION,166605.0,True,3ee8Jmje8o58CHK66QrVC2,SAD!,2018-03-16,xxxtentacion sad!
XXXTENTACION,163201.0,True,2UwbhMie1EAYuTZ0QXeMwl,Save Me,2017-08-25,xxxtentacion save me
YBN Nahmir,159915.0,True,6V4KHt9xu4TPEnDFoBeacT,Rubbin Off The Paint,2018-09-07,ybn nahmir rubbin off the paint
"YFN Lucci, PnB Rock",197170.0,True,4PzovBqgnSHKd8opsP7IVM,Everyday We Lit (feat. PnB Rock),2017-03-03,yfn lucci everyday we lit
"YG, 2 Chainz, Big Sean, Nicki Minaj",237240.0,True,0ZNrc4kNeQYD9koZ3KvCsy,"BIG BANK (feat. 2 Chainz, Big Sean, Nicki Minaj)",2018-08-03,yg big bank
Yo Gotti,149241.0,True,1psC5iHzQxaTMZ5dWGfM6I,Juice,2017-10-27,yo gotti juice
"Yo Gotti, Nicki Minaj",276333.0,True,4knL4iPxPOZjQzTUlELGSY,Rake It Up,2017-10-27,yo gotti rake it up
"Young Thug, Nicki Minaj",254946.0,True,5I30ByMf5nhgbSokY1EZiN,Anybody (feat. Nicki Minaj),2018-04-13,young thug anybody
"Young Thug, Future",215306.0,True,25oOaleife6E2MIKmFkPvg,Relationship (feat. Future),2017-06-16,young thug relationship
YoungBoy Never Broke Again,162488.0,True,1k7KigfkZh2Xb6khqV1a0K,Diamond Teeth Samurai,2018-06-29,youngboy never broke again diamond teeth samurai
YoungBoy Never Broke Again,160000.0,True,57IRaiAB4hBZu3gnNVZC0v,No Smoke,2017-08-04,youngboy never broke again no smoke
YoungBoy Never Broke Again,129105.0,True,3sA7HKGzcKTVscdiTCrWpX,Outside Today,2018-06-29,youngboy never broke again outside today
YoungBoy Never Broke Again,176990.0,True,3A1BaBGT3HgzuDrV9pgX9v,Overdose,2018-06-29,youngboy never broke again overdose
YoungBoy Never Broke Again,236070.0,True,45RbAX2KxbPdNwUgeYA69j,Preach,2018-06-29,youngboy never broke again preach
YoungBoy Never Broke Again,180705.0,True,4MofYf0f4ijlVV6elUW5S3,Untouchable,2017-05-31,youngboy never broke again untouchable
Zac Brown Band,227222.0,False,6OzujJBXwYPxJ7KeqflLtr,My Old Man,2017-05-12,zac brown band my old man
"Zac Efron, Zendaya",217440.0,False,65fpYBrI8o2cfrwf2US4gq,Rewrite The Stars,2017-12-08,zac efron rewrite the stars
"Zay Hilfigerrr, Zayion McCall",144244.0,False,1lItf5ZXJc1by9SbPeljFd,Juju On That Beat (TZ Anthem),2016-09-30,zay hilfigerrr juju on that beat (tz anthem)
"ZAYN, Sia",239000.0,False,1j4kHkkpqZRBwE0A4CN4Yv,Dusk Till Dawn - Radio Edit,2017-09-07,zayn dusk till dawn
ZAYN,185373.0,False,0aVsVsOYDSEEigiwTrIab9,Let Me,2018-12-13,zayn let me
"ZAYN, PARTYNEXTDOOR",188490.0,False,000xQL6tZNLJzIrtIgxqSl,Still Got Time,2017-03-23,zayn still got time
"ZAYN, Taylor Swift",247160.0,False,55n9yjI6qqXh5F2mYvUc2y,I Don’t Wanna Live Forever (Fifty Shades Darker),2017-11-09,zayn / taylor swift i don't wanna live forever (fifty shades darker)
"Zedd, Liam Payne",204583.0,False,2syQ0f4SAQdzvlAewPl1DJ,Get Low (with Liam Payne),2017-07-06,zedd get low
"Zedd, Alessia Cara",210090.0,False,6uBhi9gBXWjanegOb2Phh0,Stay (with Alessia Cara),2017-02-23,zedd stay
"Zedd, Maren Morris, Grey",184732.0,False,09IStsImFySgyp0pIQdqAc,The Middle,2018-01-23,"zedd, maren morris the middle"
Twenty One Pilots,195920.0,False,6i0V12jOa3mr6uu4WYhUBr,Heathens,2016-06-16,twenty one pilots heathens
"2 Chainz, Gucci Mane, Quavo",222706.0,True,39pS70eeDvyCAF3t8NAlVV,Good Drank,,2 chainz x gucci mane x quavo good drank
"21 Savage, Metro Boomin",148640.0,True,2D2w9943rsnJOGCrI4aMQp,My Choppa Hate Niggas,,21 savage my choppa hate n****s
Marillo,191555.0,False,6ItVmJiq8rDwBKq026zSa3,Como Becky G Sin Pijama,,becky g + natti natasha sin pijama
"Jacquees, DeJ Loaf",173053.0,False,0NqZ65jPelNB13gzsvH2Ma,At The Club,,jacquees x dej loaf at the club
"Kygo, Selena Gomez",216586.0,False,677RjvAT2lpYjo1Whczjzx,It Ain't Me,,kygo x selena gomez it ain't me
Prince Royce,211453.0,False,0u4N6w5lBw5xMrzJitRWUo,Corazon Sin Cara,,maluma x nego do borel corazon
"Martin Garrix, Troye Sivan",221904.0,False,6jA8HL9i4QGzsj6fjoxp8Y,There for You,,martin garrix x troye sivan there for you
"Nas, Kanye West",167907.0,True,1vi9adPJiD4d22ybGp25hy,Cops Shot The Kid,,nas cop shot the kid
"Ozuna, Cardi B",255506.0,False,2SbzdGpOKlH3HIAGTWTbwU,La Modelo,,ozuna x cardi b la modelo
"Quality Control, Migos, Eurielle",295997.0,True,3hWUIMNBwLNug1O8o2PPRW,Too Hotty,,"quavo, takeoff too hotty"
"Selena Gomez, Marshmello",197993.0,False,0tBbt8CrmxbjRP0pueQkyU,Wolves,,selena gomez x marshmello wolves
"XXXTENTACION, Trippie Redd",146520.0,True,7AQim7LbvFVZJE3O8TYgf2,Fuck Love (feat. Trippie Redd),,xxxtentacion f**k love
XXXTENTACION,160184.0,True,4UKCKdYiLN6IMA5ZESUTL7,the remedy for a broken heart (why am I so in love),,xxxtentacion the remedy for a broke heart (why am i so in love)
